DrugBank ID,Name,CAS Number,PubChem Compound ID,PubChem_CID,CAS_Rn0,CAS_Rn1,CAS_Rn2,CAS_Rn3,CAS_Rn4,CAS_Rn5,CAS_Rn6,CAS_Rn7,CAS_Rn8,CAS_Rn9,CAS_Rn10
DB00006,Bivalirudin,128270-60-0,16129704.0,16129704,128270-60-0,,,,,,,,,,
DB00007,Leuprolide,53714-56-0,,657181,53714-56-0,,,,,,,,,,
DB00014,Goserelin,65807-02-5,5311128.0,5311128,65807-02-5,145781-92-6,,,,,,,,,
DB00027,Gramicidin D,1405-97-6,45267103.0,45267103,1393-88-0,1405-97-6,,,,,,,,,
DB00035,Desmopressin,16679-58-6,,5311065,16679-58-6,,,,,,,,,,
DB00050,Cetrorelix,120287-85-6,25074887.0,25074887,120287-85-6,,,,,,,,,,
DB00067,Vasopressin,11000-17-2,,11979316,11000-17-2,,,,,,,,,,
DB00080,Daptomycin,103060-53-3,16134395.0,21585658,103060-53-3,,,,,,,,,,
DB00091,Cyclosporine,59865-13-3,5284373.0,5284373,59865-13-3,,,,,,,,,,
DB00104,Octreotide,83150-76-9,448601.0,448601,79517-01-4,83150-76-9,,,,,,,,,
DB00106,Abarelix,183552-38-7,16131215.0,16131215,183552-38-7,,,,,,,,,,
DB00114,Pyridoxal phosphate,54-47-7,1051.0,1051,54-47-7,,,,,,,,,,
DB00115,Cyanocobalamin,68-19-9,70678590.0,5311498,68-19-9,,,,,,,,,,
DB00118,Ademetionine,29908-03-0,34755.0,34755,29908-03-0,17176-17-9,78548-84-2,91279-78-6,485-80-3,52248-03-0,,,,,
DB00119,Pyruvic acid,127-17-3,1060.0,1060,127-17-3,,,,,,,,,,
DB00120,Phenylalanine,63-91-2,6140.0,6140,63-91-2,,,,,,,,,,
DB00121,Biotin,58-85-5,171548.0,171548,58-85-5,56846-45-8,,,,,,,,,
DB00122,Choline,62-49-7,305.0,305,62-49-7,5413-08-1,,,,,,,,,
DB00123,L-Lysine,56-87-1,5962.0,5962,56-87-1,12798-06-0,20166-34-1,26714-32-9,,,,,,,
DB00126,Ascorbic acid,50-81-7,54670067.0,54670067,50-81-7,299-36-5,24808-52-4,53262-66-1,78849-24-8,111645-48-8,,,,,
DB00128,Aspartic acid,56-84-8,5960.0,5960,56-84-8,25608-40-6,27881-03-4,39162-75-9,617-45-8,6899-03-2,,,,,
DB00129,Ornithine,70-26-8,6262.0,6262,70-26-8,25104-12-5,3184-13-2,,,,,,,,
DB00130,L-Glutamine,56-85-9,5961.0,5961,56-85-9,26700-71-0,184161-19-1,6899-04-3,,,,,,,
DB00131,Adenosine phosphate,61-19-8,6083.0,6083,61-19-8,13270-66-1,24937-83-5,34051-12-2,55036-25-4,,,,,,
DB00132,alpha-Linolenic acid,463-40-1,5280934.0,5280934,463-40-1,1955-33-5,68424-45-3,,,,,,,,
DB00134,Methionine,63-68-3,6137.0,6137,63-68-3,26062-47-5,58576-49-1,,,,,,,,
DB00135,Tyrosine,60-18-4,6057.0,6057,60-18-4,25619-78-7,,,,,,,,,
DB00136,Calcitriol,32222-06-3,5280453.0,5280453,32222-06-3,32511-63-0,66772-14-3,,,,,,,,
DB00137,Lutein,127-40-2,5281243.0,5281243,127-40-2,,,,,,,,,,
DB00138,Cystine,56-89-3,67678.0,67678,56-89-3,,,,,,,,,,
DB00139,Succinic acid,110-15-6,1110.0,1110,110-15-6,,,,,,,,,,
DB00140,Riboflavin,83-88-5,493570.0,493570,83-88-5,,,,,,,,,,
DB00141,N-Acetylglucosamine,7512-17-6,1738118.0,1738118,7512-17-6,134451-94-8,,,,,,,,,
DB00142,Glutamic acid,56-86-0,33032.0,33032,56-86-0,6106-04-3,25513-46-6,,,,,,,,
DB00143,Glutathione,70-18-8,124886.0,124886,70-18-8,,,,,,,,,,
DB00145,Glycine,56-40-6,750.0,750,56-40-6,25718-94-9,18875-39-3,,,,,,,,
DB00146,Calcifediol,19356-17-3,5283731.0,5283731,19356-17-3,36149-00-5,63283-36-3,64719-49-9,78782-98-6,,,,,,
DB00148,Creatine,57-00-1,586.0,586,57-00-1,,,,,,,,,,
DB00150,Tryptophan,73-22-3,6305.0,6305,73-22-3,,,,,,,,,,
DB00151,Cysteine,52-90-4,5862.0,5862,52-90-4,62488-11-3,,,,,,,,,
DB00152,Thiamine,70-16-6,1130.0,1130,70-16-6,59-43-8,,,,,,,,,
DB00153,Ergocalciferol,50-14-6,5280793.0,5280793,50-14-6,,,,,,,,,,
DB00156,Threonine,72-19-5,6288.0,6288,72-19-5,80-68-2,7013-32-3,,,,,,,,
DB00157,NADH,58-68-4,439153.0,439153,58-68-4,,,,,,,,,,
DB00158,Folic acid,59-30-3,6037.0,135398658,59-30-3,8064-47-9,32108-06-8,,,,,,,,
DB00159,Icosapent,10417-94-4,446284.0,446284,10417-94-4,,,,,,,,,,
DB00161,Valine,72-18-4,6287.0,6287,72-18-4,,,,,,,,,,
DB00162,Vitamin A,68-26-8,445354.0,445354,11103-57-4,68-26-8,,,,,,,,,
DB00163,Vitamin E,59-02-9,14985.0,14985,59-02-9,2074-53-5,1406-18-4,10191-41-0,,,,,,,
DB00165,Pyridoxine,65-23-6,1054.0,1054,65-23-6,12001-77-3,8059-24-3,,,,,,,,
DB00166,Lipoic acid,1200-22-2,6112.0,6112,1200-22-2,62-46-4,,,,,,,,,
DB00169,Cholecalciferol,67-97-0,5280795.0,5280795,67-97-0,1406-16-2,,,,,,,,,
DB00170,Menadione,58-27-5,4055.0,4055,58-27-5,34524-96-4,72060-21-0,,,,,,,,
DB00173,Adenine,73-24-5,190.0,190,73-24-5,,,,,,,,,,
DB00174,Asparagine,70-47-3,6267.0,6267,70-47-3,5794-13-8,,,,,,,,,
DB00175,Pravastatin,81093-37-0,54687.0,54687,81093-37-0,,,,,,,,,,
DB00176,Fluvoxamine,54739-18-3,3404.0,5324346,54739-18-3,,,,,,,,,,
DB00177,Valsartan,137862-53-4,60846.0,60846,137862-53-4,,,,,,,,,,
DB00178,Ramipril,87333-19-5,5362129.0,5362129,87333-19-5,,,,,,,,,,
DB00179,Masoprocol,27686-84-6,71398.0,71398,27686-84-6,,,,,,,,,,
DB00180,Flunisolide,3385-03-3,82153.0,82153,3385-03-3,,,,,,,,,,
DB00181,Baclofen,1134-47-0,2284.0,2284,1134-47-0,,,,,,,,,,
DB00182,Amphetamine,300-62-9,3007.0,3007,300-62-9,51-64-9,60-15-1,,,,,,,,
DB00183,Pentagastrin,5534-95-2,9853654.0,9853654,5534-95-2,,,,,,,,,,
DB00184,Nicotine,54-11-5,89594.0,89594,54-11-5,96055-45-7,104062-50-2,,,,,,,,
DB00185,Cevimeline,107233-08-9,25137844.0,25137844,107233-08-9,,,,,,,,,,
DB00186,Lorazepam,846-49-1,3958.0,3958,846-49-1,,,,,,,,,,
DB00187,Esmolol,81147-92-4,59768.0,59768,81147-92-4,103598-03-4,,,,,,,,,
DB00188,Bortezomib,179324-69-7,387447.0,387447,179324-69-7,,,,,,,,,,
DB00189,Ethchlorvynol,113-18-8,5281077.0,5281077,113-18-8,,,,,,,,,,
DB00190,Carbidopa,28860-95-9,34359.0,34359,28860-95-9,38821-49-7,,,,,,,,,
DB00191,Phentermine,122-09-8,4771.0,4771,122-09-8,,,,,,,,,,
DB00192,Indecainide,74517-78-5,52195.0,52195,74517-78-5,,,,,,,,,,
DB00193,Tramadol,27203-92-5,33741.0,33741,123154-38-1,27203-92-5,,,,,,,,,
DB00194,Vidarabine,24356-66-9,21704.0,21704,5536-17-4,24356-66-9,,,,,,,,,
DB00195,Betaxolol,63659-18-7,2369.0,2369,63659-18-7,,,,,,,,,,
DB00196,Fluconazole,86386-73-4,3365.0,3365,86386-73-4,,,,,,,,,,
DB00197,Troglitazone,97322-87-7,5591.0,5591,97322-87-7,,,,,,,,,,
DB00198,Oseltamivir,196618-13-0,65028.0,65028,196618-13-0,204255-11-8,,,,,,,,,
DB00199,Erythromycin,114-07-8,12560.0,12560,114-07-8,41033-54-9,82343-12-2,215031-94-0,7540-22-9,,,,,,
DB00200,Hydroxocobalamin,13422-51-0,70678542.0,70678542,13422-51-0,,,,,,,,,,
DB00201,Caffeine,58-08-2,2519.0,2519,58-08-2,,,,,,,,,,
DB00202,Succinylcholine,306-40-1,5314.0,5314,306-40-1,71-27-2,,,,,,,,,
DB00203,Sildenafil,139755-83-2,5212.0,135398744,139755-83-2,,,,,,,,,,
DB00204,Dofetilide,115256-11-6,71329.0,71329,115256-11-6,,,,,,,,,,
DB00205,Pyrimethamine,58-14-0,4993.0,4993,58-14-0,,,,,,,,,,
DB00206,Reserpine,50-55-5,5770.0,5770,50-55-5,,,,,,,,,,
DB00207,Azithromycin,83905-01-5,447043.0,447043,83905-01-5,,,,,,,,,,
DB00208,Ticlopidine,55142-85-3,5472.0,5472,55142-85-3,,,,,,,,,,
DB00209,Trospium,47608-32-2,5284632.0,5284632,47608-32-2,,,,,,,,,,
DB00210,Adapalene,106685-40-9,60164.0,60164,106685-40-9,,,,,,,,,,
DB00211,Midodrine,42794-76-3,4195.0,4195,42794-76-3,133163-28-7,,,,,,,,,
DB00213,Pantoprazole,102625-70-7,4679.0,4679,102625-70-7,,,,,,,,,,
DB00214,Torasemide,56211-40-6,41781.0,41781,56211-40-6,,,,,,,,,,
DB00215,Citalopram,59729-33-8,2771.0,2771,59729-33-8,,,,,,,,,,
DB00216,Eletriptan,143322-58-1,77993.0,77993,143322-58-1,,,,,,,,,,
DB00217,Bethanidine,55-73-2,2368.0,2368,55-73-2,114-85-2,,,,,,,,,
DB00218,Moxifloxacin,151096-09-2,152946.0,152946,151096-09-2,354812-41-2,,,,,,,,,
DB00219,Oxyphenonium,14214-84-7,5749.0,5749,14214-84-7,1407-05-2,50-10-2,,,,,,,,
DB00220,Nelfinavir,159989-64-7,64143.0,64143,159989-64-7,,,,,,,,,,
DB00221,Isoetharine,79490-84-9,3762.0,3762,530-08-5,79490-84-9,,,,,,,,,
DB00222,Glimepiride,93479-97-1,3476.0,3476,261361-60-8,93479-97-1,684286-46-2,,,,,,,,
DB00223,Diflorasone,2557-49-5,71415.0,71415,2557-49-5,,,,,,,,,,
DB00224,Indinavir,150378-17-9,5362440.0,5362440,150378-17-9,,,,,,,,,,
DB00225,Gadodiamide,131410-48-5,24847884.0,24847884,131410-48-5,,,,,,,,,,
DB00226,Guanadrel,40580-59-4,38521.0,38521,40580-59-4,,,,,,,,,,
DB00227,Lovastatin,75330-75-5,53232.0,53232,75330-75-5,,,,,,,,,,
DB00228,Enflurane,13838-16-9,3226.0,3226,13838-16-9,,,,,,,,,,
DB00229,Cefotiam,61622-34-2,43708.0,43708,61622-34-2,66309-69-1,,,,,,,,,
DB00230,Pregabalin,148553-50-8,5486971.0,5486971,148553-50-8,,,,,,,,,,
DB00231,Temazepam,846-50-4,5391.0,5391,846-50-4,,,,,,,,,,
DB00233,Aminosalicylic acid,65-49-6,4649.0,4649,65-49-6,133-09-5,6018-19-5,,,,,,,,
DB00234,Reboxetine,71620-89-8,127151.0,127151,71620-89-8,105017-38-7,98769-81-4,,,,,,,,
DB00235,Milrinone,78415-72-2,4197.0,4197,78415-72-2,,,,,,,,,,
DB00236,Pipobroman,54-91-1,4842.0,4842,54-91-1,,,,,,,,,,
DB00237,Butabarbital,125-40-6,2479.0,2479,125-40-6,,,,,,,,,,
DB00238,Nevirapine,129618-40-2,4463.0,4463,129618-40-2,,,,,,,,,,
DB00239,Oxiconazole,64211-45-6,5353853.0,5353853,64211-45-6,,,,,,,,,,
DB00240,Alclometasone,67452-97-5,5311000.0,5311000,67452-97-5,66734-13-2,,,,,,,,,
DB00241,Butalbital,77-26-9,2481.0,2481,77-26-9,,,,,,,,,,
DB00242,Cladribine,4291-63-8,20279.0,20279,4291-63-8,,,,,,,,,,
DB00243,Ranolazine,95635-55-5,56959.0,56959,95635-55-5,142387-99-3,,,,,,,,,
DB00244,Mesalazine,89-57-6,4075.0,4075,89-57-6,51481-17-5,,,,,,,,,
DB00245,Benzatropine,86-13-5,1201549.0,1201549,86-13-5,,,,,,,,,,
DB00246,Ziprasidone,146939-27-7,60854.0,60854,146939-27-7,,,,,,,,,,
DB00247,Methysergide,361-37-5,6540428.0,6540428,361-37-5,,,,,,,,,,
DB00248,Cabergoline,81409-90-7,54746.0,54746,81409-90-7,,,,,,,,,,
DB00249,Idoxuridine,54-42-2,5905.0,5905,54-42-2,,,,,,,,,,
DB00250,Dapsone,80-08-0,2955.0,2955,80-08-0,,,,,,,,,,
DB00251,Terconazole,67915-31-5,441383.0,441383,67915-31-5,,,,,,,,,,
DB00252,Phenytoin,57-41-0,1775.0,1775,57-41-0,630-93-3,,,,,,,,,
DB00253,Medrysone,2668-66-8,247839.0,247839,2668-66-8,,,,,,,,,,
DB00254,Doxycycline,564-25-0,54671203.0,54671203,564-25-0,6543-77-7,24390-14-5,,,,,,,,
DB00255,Diethylstilbestrol,56-53-1,3054.0,448537,56-53-1,6898-97-1,22610-99-7,,,,,,,,
DB00256,Lymecycline,992-21-2,54707177.0,54707177,992-21-2,,,,,,,,,,
DB00257,Clotrimazole,23593-75-1,2812.0,2812,23593-75-1,,,,,,,,,,
DB00258,Calcium acetate,62-54-4,6116.0,6116,62-54-4,,,,,,,,,,
DB00259,Sulfanilamide,63-74-1,5333.0,5333,63-74-1,10103-15-8,,,,,,,,,
DB00260,Cycloserine,68-41-7,6234.0,6234,68-41-7,,,,,,,,,,
DB00261,Anagrelide,68475-42-3,2182.0,135409400,68475-42-3,,,,,,,,,,
DB00262,Carmustine,154-93-8,2578.0,2578,154-93-8,,,,,,,,,,
DB00263,Sulfisoxazole,127-69-5,5344.0,5344,127-69-5,,,,,,,,,,
DB00264,Metoprolol,51384-51-1,4171.0,4171,51384-51-1,37350-58-6,,,,,,,,,
DB00265,Crotamiton,483-63-6,2883.0,2883,483-63-6,,,,,,,,,,
DB00266,Dicoumarol,66-76-2,54676038.0,54676038,66-76-2,,,,,,,,,,
DB00267,Cefmenoxime,65085-01-0,9570757.0,9570757,65085-01-0,75738-58-8,,,,,,,,,
DB00268,Ropinirole,91374-21-9,5095.0,5095,91374-21-9,,,,,,,,,,
DB00270,Isradipine,75695-93-1,3784.0,3784,75695-93-1,,,,,,,,,,
DB00271,Diatrizoate,117-96-4,2140.0,2140,117-96-4,50978-11-5,51819-38-6,,,,,,,,
DB00272,Betazole,105-20-4,7741.0,7741,105-20-4,,,,,,,,,,
DB00273,Topiramate,97240-79-4,5284627.0,5284627,97240-79-4,,,,,,,,,,
DB00274,Cefmetazole,56796-20-4,42008.0,42008,56796-20-4,,,,,,,,,,
DB00275,Olmesartan,144689-24-7,158781.0,158781,144689-24-7,144689-63-4,,,,,,,,,
DB00276,Amsacrine,51264-14-3,2179.0,2179,51264-14-3,,,,,,,,,,
DB00277,Theophylline,58-55-9,2153.0,2153,58-55-9,5967-84-0,8061-56-1,,,,,,,,
DB00278,Argatroban,74863-84-6,152951.0,92722,74863-84-6,121785-71-5,141396-28-3,,,,,,,,
DB00279,Liothyronine,6893-02-3,5920.0,5920,15785-49-6,6893-02-3,5714-08-9,,,,,,,,
DB00280,Disopyramide,3737-09-5,3114.0,3114,3737-09-5,,,,,,,,,,
DB00281,Lidocaine,137-58-6,3676.0,3676,137-58-6,,,,,,,,,,
DB00282,Pamidronic acid,40391-99-9,4674.0,4674,40391-99-9,57248-88-1,109552-15-0,,,,,,,,
DB00283,Clemastine,15686-51-8,26987.0,26987,15686-51-8,,,,,,,,,,
DB00284,Acarbose,56180-94-0,9811704.0,9811704,56180-94-0,,,,,,,,,,
DB00285,Venlafaxine,93413-69-5,5656.0,5656,93413-69-5,,,,,,,,,,
DB00287,Travoprost,157283-68-6,5282226.0,5282226,157283-68-6,,,,,,,,,,
DB00288,Amcinonide,51022-69-6,443958.0,443958,51022-69-6,,,,,,,,,,
DB00289,Atomoxetine,83015-26-3,54841.0,54841,83015-26-3,82248-59-7,,,,,,,,,
DB00290,Bleomycin,11056-06-7,5360373.0,5360373,11056-06-7,,,,,,,,,,
DB00291,Chlorambucil,305-03-3,2708.0,2708,305-03-3,,,,,,,,,,
DB00292,Etomidate,33125-97-2,667484.0,667484,33125-97-2,,,,,,,,,,
DB00293,Raltitrexed,112887-68-0,104758.0,135400182,112887-68-0,,,,,,,,,,
DB00294,Etonogestrel,54048-10-1,6917715.0,6917715,54048-10-1,,,,,,,,,,
DB00295,Morphine,57-27-2,5288826.0,5288826,57-27-2,64-31-3,6211-15-0,,,,,,,,
DB00296,Ropivacaine,84057-95-4,175805.0,175805,84057-95-4,98717-15-8,,,,,,,,,
DB00297,Bupivacaine,38396-39-3,2474.0,2474,38396-39-3,2180-92-9,,,,,,,,,
DB00298,Dapiprazole,72822-12-9,3033538.0,3033538,72822-12-9,,,,,,,,,,
DB00299,Penciclovir,39809-25-1,4725.0,135398748,39809-25-1,,,,,,,,,,
DB00300,Tenofovir disoproxil,201341-05-1,5481350.0,5481350,201341-05-1,202138-50-9,,,,,,,,,
DB00301,Flucloxacillin,5250-39-5,21319.0,21319,5250-39-5,1847-24-1,,,,,,,,,
DB00302,Tranexamic acid,1197-18-8,5526.0,5526,701-54-2,1197-17-7,1197-18-8,,,,,,,,
DB00303,Ertapenem,153832-46-3,150610.0,150610,153832-46-3,,,,,,,,,,
DB00304,Desogestrel,54024-22-5,40973.0,40973,54024-22-5,,,,,,,,,,
DB00305,Mitomycin,50-07-7,5746.0,5746,50-07-7,1404-00-8,,,,,,,,,
DB00306,Talbutal,115-44-6,8275.0,8275,115-44-6,,,,,,,,,,
DB00307,Bexarotene,153559-49-0,82146.0,82146,153559-49-0,,,,,,,,,,
DB00308,Ibutilide,122647-31-8,60753.0,60753,122647-31-8,130350-52-6,122647-32-9,,,,,,,,
DB00309,Vindesine,53643-48-4,40839.0,11643449,53643-48-4,,,,,,,,,,
DB00310,Chlorthalidone,77-36-1,2732.0,2732,77-36-1,,,,,,,,,,
DB00312,Pentobarbital,76-74-4,4737.0,4737,76-74-4,5767-32-8,7563-42-0,24876-35-5,,,,,,,
DB00313,Valproic acid,99-66-1,3121.0,3121,99-66-1,,,,,,,,,,
DB00314,Capreomycin,11003-38-6,3000502.0,135483770,11003-38-6,,,,,,,,,,
DB00315,Zolmitriptan,139264-17-8,60857.0,60857,139264-17-8,,,,,,,,,,
DB00316,Acetaminophen,103-90-2,1983.0,1983,103-90-2,,,,,,,,,,
DB00317,Gefitinib,184475-35-2,123631.0,123631,184475-35-2,,,,,,,,,,
DB00318,Codeine,76-57-3,5284371.0,5284371,76-57-3,,,,,,,,,,
DB00319,Piperacillin,66258-76-2,43672.0,43672,61477-96-1,59703-84-3,66258-76-2,,,,,,,,
DB00320,Dihydroergotamine,511-12-6,10531.0,10531,511-12-6,6190-39-2,,,,,,,,,
DB00321,Amitriptyline,50-48-6,2160.0,2160,50-48-6,,,,,,,,,,
DB00322,Floxuridine,50-91-9,5790.0,5790,50-91-9,,,,,,,,,,
DB00323,Tolcapone,134308-13-7,4659569.0,4659569,134308-13-7,,,,,,,,,,
DB00324,Fluorometholone,426-13-1,9878.0,9878,426-13-1,,,,,,,,,,
DB00325,Nitroprusside,15078-28-1,11963622.0,11963622,15078-28-1,,,,,,,,,,
DB00326,Calcium glucoheptonate,29039-00-7,62859.0,62859,29039-00-7,17140-60-2,,,,,,,,,
DB00327,Hydromorphone,466-99-9,5284570.0,5284570,466-99-9,,,,,,,,,,
DB00328,Indomethacin,53-86-1,3715.0,3715,53-86-1,,,,,,,,,,
DB00330,Ethambutol,74-55-5,14052.0,14052,74-55-5,,,,,,,,,,
DB00331,Metformin,657-24-9,4091.0,4091,657-24-9,1115-70-4,,,,,,,,,
DB00332,Ipratropium,60205-81-4,657308.0,657309,60205-81-4,,,,,,,,,,
DB00333,Methadone,76-99-3,4095.0,4095,76-99-3,,,,,,,,,,
DB00334,Olanzapine,132539-06-1,4585.0,135398745,132539-06-1,,,,,,,,,,
DB00335,Atenolol,29122-68-7,2249.0,2249,29122-68-7,60966-51-0,,,,,,,,,
DB00336,Nitrofural,59-87-0,5447130.0,5447130,59-87-0,,,,,,,,,,
DB00337,Pimecrolimus,137071-32-0,6509979.0,6509979,137071-32-0,,,,,,,,,,
DB00338,Omeprazole,73590-58-6,4594.0,4594,73590-58-6,119141-88-7,161796-78-7,,,,,,,,
DB00339,Pyrazinamide,98-96-4,1046.0,1046,98-96-4,,,,,,,,,,
DB00340,Metixene,4969-02-2,4167.0,4167,4969-02-2,,,,,,,,,,
DB00341,Cetirizine,83881-51-0,2678.0,2678,83881-51-0,,,,,,,,,,
DB00342,Terfenadine,50679-08-8,5405.0,5405,50679-08-8,,,,,,,,,,
DB00343,Diltiazem,42399-41-7,39186.0,39186,56209-45-1,42399-41-7,,,,,,,,,
DB00344,Protriptyline,438-60-8,4976.0,4976,438-60-8,,,,,,,,,,
DB00345,Aminohippuric acid,61-78-9,2148.0,2148,61-78-9,94-16-6,,,,,,,,,
DB00346,Alfuzosin,81403-80-7,2092.0,2092,81403-80-7,,,,,,,,,,
DB00347,Trimethadione,127-48-0,5576.0,5576,127-48-0,,,,,,,,,,
DB00348,Nitisinone,104206-65-7,115355.0,115355,104206-65-7,,,,,,,,,,
DB00349,Clobazam,22316-47-8,2789.0,2789,22316-47-8,,,,,,,,,,
DB00350,Minoxidil,38304-91-5,4201.0,4201,38304-91-5,,,,,,,,,,
DB00351,Megestrol acetate,595-33-5,11683.0,11683,595-33-5,,,,,,,,,,
DB00352,Tioguanine,154-42-7,2723601.0,2723601,154-42-7,,,,,,,,,,
DB00353,Methylergometrine,113-42-8,8226.0,8226,113-42-8,57432-61-8,,,,,,,,,
DB00354,Buclizine,82-95-1,6729.0,6729,82-95-1,163837-51-2,163837-52-3,,,,,,,,
DB00355,Aztreonam,78110-38-0,9568617.0,135398736,78110-38-0,,,,,,,,,,
DB00356,Chlorzoxazone,95-25-0,2733.0,2733,95-25-0,,,,,,,,,,
DB00357,Aminoglutethimide,125-84-8,2145.0,2145,125-84-8,55511-44-9,57288-03-6,,,,,,,,
DB00358,Mefloquine,53230-10-7,4046.0,4046,49752-90-1,53230-10-7,,,,,,,,,
DB00359,Sulfadiazine,68-35-9,5215.0,5215,68-35-9,,,,,,,,,,
DB00360,Sapropterin,62989-33-7,44257.0,135398654,62989-33-7,17528-72-2,103130-44-5,,,,,,,,
DB00361,Vinorelbine,71486-22-1,44424639.0,5311497,71486-22-1,,,,,,,,,,
DB00362,Anidulafungin,166663-25-8,166548.0,166548,166663-25-8,,,,,,,,,,
DB00363,Clozapine,5786-21-0,2818.0,135398737,5786-21-0,,,,,,,,,,
DB00364,Sucralfate,54182-58-0,70789197.0,121494085,54182-58-0,,,,,,,,,,
DB00365,Grepafloxacin,119914-60-2,72474.0,72474,119914-60-2,,,,,,,,,,
DB00366,Doxylamine,469-21-6,3162.0,3162,469-21-6,76210-47-4,562-10-7,,,,,,,,
DB00367,Levonorgestrel,797-63-7,13109.0,13109,797-63-7,6533-00-2,,,,,,,,,
DB00368,Norepinephrine,51-41-2,439260.0,439260,51-41-2,,,,,,,,,,
DB00369,Cidofovir,113852-37-2,60613.0,60613,113852-37-2,149394-66-1,,,,,,,,,
DB00370,Mirtazapine,85650-52-8,4205.0,4205,85650-52-8,61337-67-5,,,,,,,,,
DB00371,Meprobamate,57-53-4,4064.0,4064,57-53-4,,,,,,,,,,
DB00372,Thiethylperazine,1420-55-9,5440.0,5440,1420-55-9,1179-69-7,,,,,,,,,
DB00373,Timolol,26839-75-8,33624.0,33624,26839-75-8,91524-16-2,,,,,,,,,
DB00374,Treprostinil,81846-19-7,6918140.0,6918140,81846-19-7,,,,,,,,,,
DB00376,Trihexyphenidyl,144-11-6,5572.0,5572,144-11-6,,,,,,,,,,
DB00377,Palonosetron,135729-56-5,6337614.0,6337614,135729-61-2,135729-56-5,,,,,,,,,
DB00378,Dydrogesterone,152-62-5,9051.0,9051,152-62-5,,,,,,,,,,
DB00379,Mexiletine,31828-71-4,4178.0,4178,31828-71-4,,,,,,,,,,
DB00380,Dexrazoxane,24584-09-6,71384.0,71384,24584-09-6,,,,,,,,,,
DB00381,Amlodipine,88150-42-9,2162.0,2162,88150-42-9,,,,,,,,,,
DB00382,Tacrine,321-64-2,1935.0,1935,321-64-2,,,,,,,,,,
DB00383,Oxyphencyclimine,125-53-1,4642.0,4642,125-53-1,,,,,,,,,,
DB00384,Triamterene,396-01-0,5546.0,5546,396-01-0,,,,,,,,,,
DB00385,Valrubicin,56124-62-0,454216.0,454216,56124-62-0,,,,,,,,,,
DB00387,Procyclidine,77-37-2,4919.0,4919,77-37-2,,,,,,,,,,
DB00388,Phenylephrine,59-42-7,6041.0,6041,59-42-7,614-03-9,1416-03-1,,,,,,,,
DB00389,Carbimazole,22232-54-8,31072.0,31072,22232-54-8,,,,,,,,,,
DB00390,Digoxin,20830-75-5,2724385.0,2724385,20830-75-5,,,,,,,,,,
DB00391,Sulpiride,15676-16-1,5355.0,5355,15676-16-1,,,,,,,,,,
DB00392,Profenamine,522-00-9,3290.0,3290,522-00-9,1094-08-2,,,,,,,,,
DB00393,Nimodipine,66085-59-4,4497.0,4497,66085-59-4,,,,,,,,,,
DB00394,Beclomethasone dipropionate,5534-09-8,21700.0,21700,5534-09-8,,,,,,,,,,
DB00395,Carisoprodol,78-44-4,2576.0,2576,78-44-4,,,,,,,,,,
DB00396,Progesterone,57-83-0,5994.0,5994,57-83-0,,,,,,,,,,
DB00397,Phenylpropanolamine,14838-15-4,26934.0,10297,492-41-1,14838-15-4,,,,,,,,,
DB00398,Sorafenib,284461-73-0,216239.0,216239,284461-73-0,,,,,,,,,,
DB00399,Zoledronic acid,118072-93-8,68740.0,68740,118072-93-8,,,,,,,,,,
DB00400,Griseofulvin,126-07-8,441140.0,441140,126-07-8,2884-22-2,,,,,,,,,
DB00401,Nisoldipine,63675-72-9,4499.0,4499,63675-72-9,,,,,,,,,,
DB00402,Eszopiclone,138729-47-2,969472.0,969472,138729-47-2,,,,,,,,,,
DB00403,Ceruletide,17650-98-5,16129675.0,16129675,17650-98-5,,,,,,,,,,
DB00404,Alprazolam,28981-97-7,2118.0,2118,28981-97-7,,,,,,,,,,
DB00405,Dexbrompheniramine,132-21-8,16960.0,16960,132-21-8,,,,,,,,,,
DB00406,Gentian violet cation,7438-46-2,3468.0,3468,14426-25-6,7438-46-2,,,,,,,,,
DB00408,Loxapine,1977-10-2,3964.0,3964,1977-10-2,,,,,,,,,,
DB00409,Remoxipride,80125-14-0,54477.0,54477,80125-14-0,,,,,,,,,,
DB00410,Mupirocin,12650-69-0,446596.0,446596,12650-69-0,,,,,,,,,,
DB00411,Carbamoylcholine,462-58-8,5831.0,2551,462-58-8,51-83-2,,,,,,,,,
DB00412,Rosiglitazone,122320-73-4,77999.0,77999,122320-73-4,,,,,,,,,,
DB00413,Pramipexole,104632-26-0,119570.0,119570,104632-26-0,,,,,,,,,,
DB00414,Acetohexamide,968-81-0,1989.0,1989,968-81-0,,,,,,,,,,
DB00415,Ampicillin,69-53-4,6249.0,6249,69-53-4,,,,,,,,,,
DB00416,Metocurine iodide,7601-55-0,24244.0,24244,7601-55-0,,,,,,,,,,
DB00417,Phenoxymethylpenicillin,87-08-1,6869.0,6869,87-08-1,132-98-9,,,,,,,,,
DB00418,Secobarbital,76-73-3,5193.0,5193,76-73-3,29071-21-4,,,,,,,,,
DB00419,Miglustat,72599-27-0,51634.0,51634,72599-27-0,,,,,,,,,,
DB00420,Promazine,58-40-2,4926.0,4926,58-40-2,,,,,,,,,,
DB00421,Spironolactone,52-01-7,5833.0,5833,52-01-7,,,,,,,,,,
DB00422,Methylphenidate,113-45-1,4158.0,4158,113-45-1,,,,,,,,,,
DB00423,Methocarbamol,532-03-6,4107.0,4107,532-03-6,,,,,,,,,,
DB00424,Hyoscyamine,101-31-5,154417.0,154417,101-31-5,,,,,,,,,,
DB00425,Zolpidem,82626-48-0,5732.0,5732,82626-48-0,,,,,,,,,,
DB00426,Famciclovir,104227-87-4,3324.0,3324,104227-87-4,,,,,,,,,,
DB00427,Triprolidine,486-12-4,5282443.0,5282443,486-12-4,,,,,,,,,,
DB00428,Streptozocin,18883-66-4,29327.0,29327,18883-66-4,66395-18-4,,,,,,,,,
DB00429,Carboprost tromethamine,58551-69-2,45266502.0,45266502,58551-69-2,,,,,,,,,,
DB00430,Cefpiramide,70797-11-4,636405.0,636405,70797-11-4,,,,,,,,,,
DB00431,Lindane,58-89-9,727.0,727,319-84-6,319-85-7,319-86-8,608-73-1,58-89-9,6108-10-7,6108-11-8,6108-12-9,6108-13-0,,
DB00432,Trifluridine,70-00-8,6256.0,6256,70-00-8,,,,,,,,,,
DB00433,Prochlorperazine,58-38-8,4917.0,4917,58-38-8,,,,,,,,,,
DB00434,Cyproheptadine,129-03-3,2913.0,2913,129-03-3,,,,,,,,,,
DB00435,Nitric Oxide,10102-43-9,145068.0,145068,10102-43-9,,,,,,,,,,
DB00436,Bendroflumethiazide,73-48-3,2315.0,2315,73-48-3,,,,,,,,,,
DB00437,Allopurinol,315-30-0,2094.0,135401907,315-30-0,184789-03-5,691008-24-9,,,,,,,,
DB00438,Ceftazidime,72558-82-8,5481173.0,5481173,72558-82-8,78439-06-2,,,,,,,,,
DB00439,Cerivastatin,145599-86-6,446156.0,446156,145599-86-6,,,,,,,,,,
DB00440,Trimethoprim,738-70-5,5578.0,5578,738-70-5,,,,,,,,,,
DB00441,Gemcitabine,95058-81-4,60750.0,60750,95058-81-4,,,,,,,,,,
DB00442,Entecavir,142217-69-4,153941.0,135398508,142217-69-4,209216-23-9,,,,,,,,,
DB00443,Betamethasone,378-44-9,9782.0,9782,378-44-9,,,,,,,,,,
DB00444,Teniposide,29767-20-2,452548.0,452548,29767-20-2,,,,,,,,,,
DB00445,Epirubicin,56420-45-2,41867.0,41867,56420-45-2,,,,,,,,,,
DB00446,Chloramphenicol,56-75-7,5959.0,5959,56-75-7,2787-09-9,8075-72-7,,,,,,,,
DB00447,Loracarbef,76470-66-1,5284585.0,5284585,76470-66-1,,,,,,,,,,
DB00448,Lansoprazole,103577-45-3,3883.0,3883,103577-45-3,138530-94-6,,,,,,,,,
DB00449,Dipivefrin,52365-63-6,3105.0,3105,52365-63-6,,,,,,,,,,
DB00450,Droperidol,548-73-2,3168.0,3168,548-73-2,,,,,,,,,,
DB00451,Levothyroxine,51-48-9,5819.0,5819,51-48-9,55-03-8,24486-40-6,25416-65-3,,,,,,,
DB00452,Framycetin,119-04-0,8378.0,8378,119-04-0,1404-04-2,1405-10-3,11004-65-2,,,,,,,
DB00454,Meperidine,57-42-1,4058.0,4058,57-42-1,,,,,,,,,,
DB00455,Loratadine,79794-75-5,3957.0,3957,79794-75-5,,,,,,,,,,
DB00456,Cefalotin,153-61-7,6024.0,6024,153-61-7,58-71-9,,,,,,,,,
DB00457,Prazosin,19216-56-9,4893.0,4893,19216-56-9,,,,,,,,,,
DB00458,Imipramine,50-49-7,3696.0,3696,50-49-7,,,,,,,,,,
DB00459,Acitretin,55079-83-9,5284513.0,5284513,55079-83-9,54757-46-9,,,,,,,,,
DB00460,Verteporfin,129497-78-5,5362420.0,5362420,129497-78-5,,,,,,,,,,
DB00461,Nabumetone,42924-53-8,4409.0,4409,42924-53-8,,,,,,,,,,
DB00462,Methscopolamine bromide,155-41-9,23724781.0,23724781,155-41-9,,,,,,,,,,
DB00464,Sodium tetradecyl sulfate,139-88-8,23665772.0,23665772,139-88-8,,,,,,,,,,
DB00465,Ketorolac,74103-06-3,3826.0,3826,74103-06-3,66635-83-4,,,,,,,,,
DB00467,Enoxacin,74011-58-8,3229.0,3229,74011-58-8,,,,,,,,,,
DB00468,Quinine,130-95-0,3034034.0,3034034,72402-53-0,130-95-0,130-89-2,1407-83-6,6119-70-6,207671-44-1,804-63-7,,,,
DB00469,Tenoxicam,59804-37-4,54677971.0,54677971,59804-37-4,,,,,,,,,,
DB00470,Dronabinol,1972-08-3,16078.0,16078,1972-08-3,6465-30-1,,,,,,,,,
DB00471,Montelukast,158966-92-8,5281040.0,5281040,158966-92-8,,,,,,,,,,
DB00472,Fluoxetine,54910-89-3,3386.0,3386,54910-89-3,57226-07-0,,,,,,,,,
DB00473,Hexylcaine,532-77-4,10770.0,10770,532-77-4,,,,,,,,,,
DB00474,Methohexital,151-83-7,9034.0,9034,151-83-7,,,,,,,,,,
DB00475,Chlordiazepoxide,58-25-3,2712.0,2712,58-25-3,,,,,,,,,,
DB00476,Duloxetine,116539-59-4,60835.0,60835,116539-59-4,136434-34-9,,,,,,,,,
DB00477,Chlorpromazine,50-53-3,2726.0,2726,34468-21-8,50-53-3,,,,,,,,,
DB00478,Rimantadine,13392-28-4,5071.0,5071,13392-28-4,117857-51-9,,,,,,,,,
DB00479,Amikacin,37517-28-5,37768.0,37768,37517-28-5,,,,,,,,,,
DB00480,Lenalidomide,191732-72-6,216326.0,216326,191732-72-6,,,,,,,,,,
DB00481,Raloxifene,84449-90-1,5035.0,5035,84449-90-1,,,,,,,,,,
DB00482,Celecoxib,169590-42-5,2662.0,2662,169590-42-5,,,,,,,,,,
DB00483,Gallamine triethiodide,65-29-2,6172.0,6172,65-29-2,,,,,,,,,,
DB00484,Brimonidine,59803-98-4,2435.0,2435,59803-98-4,,,,,,,,,,
DB00485,Dicloxacillin,3116-76-5,18381.0,18381,3116-76-5,,,,,,,,,,
DB00486,Nabilone,51022-71-0,5284592.0,5284592,51022-71-0,,,,,,,,,,
DB00487,Pefloxacin,70458-92-3,51081.0,51081,70458-92-3,,,,,,,,,,
DB00488,Altretamine,645-05-6,2123.0,2123,645-05-6,,,,,,,,,,
DB00489,Sotalol,3930-20-9,5253.0,5253,3930-20-9,,,,,,,,,,
DB00490,Buspirone,36505-84-7,2477.0,2477,36505-84-7,,,,,,,,,,
DB00491,Miglitol,72432-03-2,441314.0,441314,72432-03-2,,,,,,,,,,
DB00492,Fosinopril,98048-97-6,55891.0,9601226,98048-97-6,,,,,,,,,,
DB00493,Cefotaxime,63527-52-6,5742673.0,5742673,63527-52-6,60846-21-1,,,,,,,,,
DB00494,Entacapone,130929-57-6,5281081.0,5281081,130929-57-6,,,,,,,,,,
DB00495,Zidovudine,30516-87-1,35370.0,35370,30516-87-1,,,,,,,,,,
DB00496,Darifenacin,133099-04-4,444031.0,444031,133099-04-4,,,,,,,,,,
DB00497,Oxycodone,76-42-6,5284603.0,5284603,76-42-6,124-90-3,,,,,,,,,
DB00498,Phenindione,83-12-5,4760.0,4760,83-12-5,,,,,,,,,,
DB00499,Flutamide,13311-84-7,3397.0,3397,13311-84-7,,,,,,,,,,
DB00500,Tolmetin,26171-23-3,5509.0,5509,26171-23-3,,,,,,,,,,
DB00501,Cimetidine,51481-61-9,2756.0,2756,51481-61-9,,,,,,,,,,
DB00502,Haloperidol,52-86-8,3559.0,3559,52-86-8,8058-57-9,61788-97-4,,,,,,,,
DB00503,Ritonavir,155213-67-5,392622.0,392622,155213-67-5,,,,,,,,,,
DB00504,Levallorphan,152-02-3,5359371.0,5359371,152-02-3,,,,,,,,,,
DB00507,Nitazoxanide,55981-09-4,41684.0,41684,55981-09-4,,,,,,,,,,
DB00508,Triflupromazine,146-54-3,5568.0,5568,146-54-3,,,,,,,,,,
DB00509,Dextrothyroxine,51-49-0,8730.0,8730,51-49-0,,,,,,,,,,
DB00511,Acetyldigitoxin,1111-39-3,5284512.0,5284512,1111-39-3,25395-32-8,,,,,,,,,
DB00512,Vancomycin,1404-90-6,14969.0,14969,1404-90-6,,,,,,,,,,
DB00513,Aminocaproic acid,60-32-2,564.0,564,60-32-2,1319-82-0,,,,,,,,,
DB00514,Dextromethorphan,125-71-3,5360696.0,5360696,125-71-3,,,,,,,,,,
DB00515,Cisplatin,15663-27-1,2767.0,441203,15663-27-1,,,,,,,,,,
DB00517,Anisotropine methylbromide,80-50-2,21867154.0,21867154,80-50-2,,,,,,,,,,
DB00518,Albendazole,54965-21-8,2082.0,2082,54965-21-8,,,,,,,,,,
DB00519,Trandolapril,87679-37-6,5484727.0,5484727,87679-37-6,,,,,,,,,,
DB00520,Caspofungin,162808-62-0,3035406.0,3035406,162808-62-0,179463-17-3,,,,,,,,,
DB00521,Carteolol,51781-06-7,2583.0,2583,51781-06-7,,,,,,,,,,
DB00523,Alitretinoin,5300-03-8,449171.0,449171,5300-03-8,,,,,,,,,,
DB00524,Metolazone,17560-51-9,4170.0,4170,17560-51-9,56436-31-8,56436-32-9,,,,,,,,
DB00525,Tolnaftate,2398-96-1,5510.0,5510,2398-96-1,,,,,,,,,,
DB00526,Oxaliplatin,61825-94-3,6857599.0,6857599,61825-94-3,,,,,,,,,,
DB00527,Cinchocaine,85-79-0,3025.0,3025,85-79-0,,,,,,,,,,
DB00528,Lercanidipine,100427-26-7,65866.0,65866,100427-26-7,,,,,,,,,,
DB00529,Foscarnet,4428-95-9,3415.0,3415,4428-95-9,63585-09-1,,,,,,,,,
DB00530,Erlotinib,183321-74-6,176870.0,176870,183321-74-6,,,,,,,,,,
DB00531,Cyclophosphamide,50-18-0,2907.0,2907,50-18-0,6055-19-2,,,,,,,,,
DB00532,Mephenytoin,50-12-4,4060.0,4060,50-12-4,,,,,,,,,,
DB00533,Rofecoxib,162011-90-7,5090.0,5090,162011-90-7,,,,,,,,,,
DB00534,Chlormerodrin,62-37-3,25210.0,25210,62-37-3,,,,,,,,,,
DB00535,Cefdinir,91832-40-5,6915944.0,6915944,91832-40-5,,,,,,,,,,
DB00536,Guanidine,113-00-8,3520.0,3520,113-00-8,50-01-1,,,,,,,,,
DB00537,Ciprofloxacin,85721-33-1,2764.0,2764,85721-33-1,,,,,,,,,,
DB00538,Gadoversetamide,131069-91-5,444013.0,444013,131069-91-5,,,,,,,,,,
DB00539,Toremifene,89778-26-7,3005573.0,3005573,89778-26-7,,,,,,,,,,
DB00540,Nortriptyline,72-69-5,4543.0,4543,72-69-5,,,,,,,,,,
DB00541,Vincristine,57-22-7,5978.0,5388993,57-22-7,,,,,,,,,,
DB00542,Benazepril,86541-75-5,5362124.0,5362124,86541-75-5,,,,,,,,,,
DB00543,Amoxapine,14028-44-5,2170.0,2170,14028-44-5,,,,,,,,,,
DB00544,Fluorouracil,51-21-8,3385.0,3385,51-21-8,,,,,,,,,,
DB00545,Pyridostigmine,155-97-5,4991.0,4991,155-97-5,,,,,,,,,,
DB00547,Desoximetasone,382-67-2,5311067.0,5311067,140218-14-0,382-67-2,,,,,,,,,
DB00548,Azelaic acid,123-99-9,2266.0,2266,123-99-9,26776-28-3,27825-99-6,,,,,,,,
DB00549,Zafirlukast,107753-78-6,5717.0,5717,107753-78-6,,,,,,,,,,
DB00550,Propylthiouracil,51-52-5,657298.0,657298,51-52-5,,,,,,,,,,
DB00551,Acetohydroxamic acid,546-88-3,1990.0,1990,546-88-3,,,,,,,,,,
DB00552,Pentostatin,53910-25-1,439693.0,439693,53910-25-1,,,,,,,,,,
DB00553,Methoxsalen,298-81-7,4114.0,4114,298-81-7,,,,,,,,,,
DB00554,Piroxicam,36322-90-4,54676228.0,54676228,36322-90-4,,,,,,,,,,
DB00555,Lamotrigine,84057-84-1,3878.0,3878,84057-84-1,,,,,,,,,,
DB00556,Perflutren,76-19-7,6432.0,6432,76-19-7,9048-46-8,,,,,,,,,
DB00557,Hydroxyzine,68-88-2,3658.0,3658,68-88-2,,,,,,,,,,
DB00558,Zanamivir,139110-80-8,60855.0,60855,139110-80-8,,,,,,,,,,
DB00559,Bosentan,147536-97-8,104865.0,104865,147536-97-8,,,,,,,,,,
DB00560,Tigecycline,220620-09-7,54686904.0,54686904,220620-09-7,,,,,,,,,,
DB00561,Doxapram,309-29-5,3156.0,3156,309-29-5,,,,,,,,,,
DB00562,Benzthiazide,91-33-8,2343.0,2343,91-33-8,,,,,,,,,,
DB00563,Methotrexate,59-05-2,126941.0,126941,59-05-2,,,,,,,,,,
DB00564,Carbamazepine,298-46-4,2554.0,2554,298-46-4,,,,,,,,,,
DB00565,Cisatracurium,96946-41-7,62886.0,62887,96946-41-7,,,,,,,,,,
DB00566,Succimer,304-55-2,2724354.0,2724354,304-55-2,,,,,,,,,,
DB00567,Cephalexin,15686-71-2,27447.0,27447,15686-71-2,,,,,,,,,,
DB00568,Cinnarizine,298-57-7,2761.0,2761,298-57-7,,,,,,,,,,
DB00569,Fondaparinux,104993-28-4,49852292.0,5282448,104993-28-4,114870-03-0,,,,,,,,,
DB00570,Vinblastine,865-21-4,13342.0,13342,865-21-4,,,,,,,,,,
DB00571,Propranolol,525-66-6,4946.0,4946,525-66-6,4199-09-1,13013-17-7,83952-37-8,,,,,,,
DB00572,Atropine,51-55-8,174174.0,174174,51-55-8,101-31-5,,,,,,,,,
DB00573,Fenoprofen,29679-58-1,3342.0,3342,29679-58-1,34597-40-5,53746-45-5,31879-05-7,,,,,,,
DB00574,Fenfluramine,458-24-2,3337.0,3337,458-24-2,,,,,,,,,,
DB00575,Clonidine,4205-90-7,2803.0,2803,4205-90-7,,,,,,,,,,
DB00576,Sulfamethizole,144-82-1,5328.0,5328,144-82-1,,,,,,,,,,
DB00577,Valaciclovir,124832-26-4,60773.0,135398742,124832-26-4,124832-27-5,,,,,,,,,
DB00578,Carbenicillin,4697-36-3,20824.0,20824,4697-36-3,,,,,,,,,,
DB00579,Mazindol,22232-71-9,4020.0,4020,22232-71-9,,,,,,,,,,
DB00580,Valdecoxib,181695-72-7,119607.0,119607,181695-72-7,,,,,,,,,,
DB00581,Lactulose,4618-18-2,11333.0,11333,4618-18-2,58166-24-8,58166-25-9,,,,,,,,
DB00582,Voriconazole,137234-62-9,71616.0,71616,188416-29-7,137234-62-9,,,,,,,,,
DB00583,Levocarnitine,541-15-1,10917.0,10917,541-15-1,,,,,,,,,,
DB00584,Enalapril,75847-73-3,5388962.0,5388962,75847-73-3,,,,,,,,,,
DB00585,Nizatidine,76963-41-2,3033637.0,3033637,76963-41-2,,,,,,,,,,
DB00586,Diclofenac,15307-86-5,3033.0,3033,15307-86-5,,,,,,,,,,
DB00588,Fluticasone propionate,80474-14-2,444036.0,444036,80474-14-2,,,,,,,,,,
DB00589,Lisuride,18016-80-3,28864.0,28864,18016-80-3,140387-89-9,,,,,,,,,
DB00590,Doxazosin,74191-85-8,3157.0,3157,74191-85-8,,,,,,,,,,
DB00591,Fluocinolone acetonide,67-73-2,6215.0,6215,67-73-2,,,,,,,,,,
DB00592,Piperazine,110-85-0,4837.0,4837,110-85-0,,,,,,,,,,
DB00593,Ethosuximide,77-67-8,3291.0,3291,77-67-8,,,,,,,,,,
DB00594,Amiloride,2609-46-3,16231.0,16231,2609-46-3,2016-88-8,,,,,,,,,
DB00595,Oxytetracycline,79-57-2,54675779.0,54675779,2058-46-0,79-57-2,6153-64-6,7179-50-2,13303-91-8,,,,,,
DB00596,Ulobetasol,98651-66-2,5311167.0,5311167,98651-66-2,,,,,,,,,,
DB00597,Gadoteridol,120066-54-8,60714.0,60714,120066-54-8,,,,,,,,,,
DB00598,Labetalol,36894-69-6,3869.0,3869,36894-69-6,,,,,,,,,,
DB00599,Thiopental,76-75-5,3000715.0,3000715,76-75-5,71-73-8,,,,,,,,,
DB00600,Monobenzone,103-16-2,7638.0,7638,103-16-2,,,,,,,,,,
DB00601,Linezolid,165800-03-3,441401.0,441401,165800-03-3,,,,,,,,,,
DB00602,Ivermectin,70288-86-7,46936176.0,46936176,70288-86-7,,,,,,,,,,
DB00603,Medroxyprogesterone acetate,71-58-9,6279.0,6279,71-58-9,,,,,,,,,,
DB00604,Cisapride,81098-60-4,6917698.0,6917698,81098-60-4,,,,,,,,,,
DB00605,Sulindac,38194-50-2,1548887.0,1548887,38194-50-2,32004-68-5,,,,,,,,,
DB00606,Cyclothiazide,2259-96-3,2910.0,2910,2259-96-3,,,,,,,,,,
DB00607,Nafcillin,147-52-4,8982.0,8982,147-52-4,985-16-0,,,,,,,,,
DB00608,Chloroquine,54-05-7,2719.0,2719,54-05-7,,,,,,,,,,
DB00609,Ethionamide,536-33-4,2761171.0,2761171,536-33-4,,,,,,,,,,
DB00610,Metaraminol,54-49-9,5906.0,5906,54-49-9,,,,,,,,,,
DB00611,Butorphanol,42408-82-2,6916249.0,6916249,42408-82-2,58786-99-5,,,,,,,,,
DB00612,Bisoprolol,66722-44-9,2405.0,2405,66722-44-9,104344-23-2,,,,,,,,,
DB00613,Amodiaquine,86-42-0,2165.0,2165,86-42-0,69-44-3,6398-98-7,,,,,,,,
DB00615,Rifabutin,72559-06-9,6323490.0,135398743,72559-06-9,,,,,,,,,,
DB00617,Paramethadione,115-67-3,8280.0,8280,115-67-3,,,,,,,,,,
DB00618,Demeclocycline,127-33-3,54680690.0,54680690,127-33-3,,,,,,,,,,
DB00619,Imatinib,152459-95-5,5291.0,5291,152459-95-5,,,,,,,,,,
DB00620,Triamcinolone,124-94-7,31307.0,31307,124-94-7,,,,,,,,,,
DB00621,Oxandrolone,53-39-4,5878.0,5878,53-39-4,,,,,,,,,,
DB00622,Nicardipine,55985-32-5,4474.0,4474,55985-32-5,,,,,,,,,,
DB00623,Fluphenazine,69-23-8,3372.0,3372,69-23-8,,,,,,,,,,
DB00624,Testosterone,58-22-0,6013.0,6013,58-22-0,,,,,,,,,,
DB00625,Efavirenz,154598-52-4,64139.0,64139,154598-52-4,,,,,,,,,,
DB00626,Bacitracin,1405-87-4,10909430.0,10909430,22601-59-8,1405-87-4,,,,,,,,,
DB00627,Niacin,59-67-6,938.0,938,59-67-6,,,,,,,,,,
DB00628,Clorazepic acid,23887-31-2,2809.0,2809,23887-31-2,57109-90-7,,,,,,,,,
DB00629,Guanabenz,5051-62-7,3517.0,3517,5051-62-7,,,,,,,,,,
DB00630,Alendronic acid,66376-36-1,2088.0,2088,66376-36-1,,,,,,,,,,
DB00631,Clofarabine,123318-82-1,119182.0,119182,123318-82-1,,,,,,,,,,
DB00632,Docosanol,661-19-8,12620.0,12620,661-19-8,30303-65-2,,,,,,,,,
DB00633,Dexmedetomidine,113775-47-6,5311068.0,5311068,113775-47-6,,,,,,,,,,
DB00634,Sulfacetamide,144-80-9,5320.0,5320,144-80-9,,,,,,,,,,
DB00635,Prednisone,53-03-2,5865.0,5865,53-03-2,,,,,,,,,,
DB00636,Clofibrate,637-07-0,2796.0,2796,637-07-0,,,,,,,,,,
DB00637,Astemizole,68844-77-9,2247.0,2247,68844-77-9,,,,,,,,,,
DB00638,Inulin,9005-80-5,24763.0,24763,9005-80-5,,,,,,,,,,
DB00639,Butoconazole,64872-76-0,47472.0,47472,64872-76-0,64872-77-1,,,,,,,,,
DB00640,Adenosine,58-61-7,60961.0,60961,5536-17-4,58-61-7,30143-02-3,,,,,,,,
DB00641,Simvastatin,79902-63-9,54454.0,54454,79902-63-9,,,,,,,,,,
DB00642,Pemetrexed,137281-23-3,446556.0,135410875,137281-23-3,137281-39-1,150399-23-8,,,,,,,,
DB00643,Mebendazole,31431-39-7,4030.0,4030,31431-39-7,,,,,,,,,,
DB00644,Gonadorelin,33515-09-2,36523.0,36523,9034-40-6,71447-49-9,78308-49-3,33515-09-2,6918-09-8,,,,,,
DB00645,Dyclonine,586-60-7,3180.0,3180,586-60-7,,,,,,,,,,
DB00646,Nystatin,1400-61-9,11953884.0,6433272,1400-61-9,,,,,,,,,,
DB00647,Dextropropoxyphene,469-62-5,10100.0,10100,469-62-5,,,,,,,,,,
DB00648,Mitotane,53-19-0,4211.0,4211,53-19-0,,,,,,,,,,
DB00649,Stavudine,3056-17-5,18283.0,18283,3056-17-5,,,,,,,,,,
DB00650,Leucovorin,58-05-9,6006.0,135403648,58-05-9,1492-18-8,,,,,,,,,
DB00651,Dyphylline,479-18-5,3182.0,3182,479-18-5,,,,,,,,,,
DB00652,Pentazocine,359-83-1,441278.0,441278,359-83-1,7488-49-5,,,,,,,,,
DB00653,Magnesium sulfate,7487-88-9,24083.0,24083,7487-88-9,18939-43-0,68081-97-0,,,,,,,,
DB00654,Latanoprost,130209-82-4,5311221.0,5311221,130209-82-4,155551-81-8,,,,,,,,,
DB00655,Estrone,53-16-7,5870.0,5870,53-16-7,19973-76-3,,,,,,,,,
DB00656,Trazodone,19794-93-5,5533.0,5533,19794-93-5,,,,,,,,,,
DB00657,Mecamylamine,60-40-2,4032.0,4032,60-40-2,,,,,,,,,,
DB00658,Sevelamer,52757-95-6,3085017.0,3085017,52757-95-6,,,,,,,,,,
DB00659,Acamprosate,77337-76-9,71158.0,71158,77337-76-9,,,,,,,,,,
DB00660,Metaxalone,1665-48-1,15459.0,15459,1665-48-1,,,,,,,,,,
DB00661,Verapamil,52-53-9,2520.0,2520,52-53-9,56949-77-0,,,,,,,,,
DB00662,Trimethobenzamide,138-56-7,5577.0,5577,138-56-7,,,,,,,,,,
DB00663,Flumethasone,2135-17-3,16490.0,16490,2135-17-3,,,,,,,,,,
DB00664,Sulfametopyrazine,152-47-6,9047.0,9047,152-47-6,,,,,,,,,,
DB00665,Nilutamide,63612-50-0,4493.0,4493,63612-50-0,,,,,,,,,,
DB00666,Nafarelin,76932-56-4,25077405.0,25077405,76932-56-4,,,,,,,,,,
DB00668,Epinephrine,51-43-4,5816.0,5816,51-43-4,,,,,,,,,,
DB00669,Sumatriptan,103628-46-2,5358.0,5358,103628-46-2,,,,,,,,,,
DB00670,Pirenzepine,28797-61-7,4848.0,4848,28797-61-7,,,,,,,,,,
DB00671,Cefixime,79350-37-1,5362065.0,5362065,79350-37-1,,,,,,,,,,
DB00672,Chlorpropamide,94-20-2,2727.0,2727,94-20-2,,,,,,,,,,
DB00673,Aprepitant,170729-80-3,6918365.0,135413536,170729-80-3,,,,,,,,,,
DB00674,Galantamine,357-70-0,9651.0,9651,357-70-0,23173-12-8,,,,,,,,,
DB00675,Tamoxifen,10540-29-1,2733526.0,2733526,10540-29-1,,,,,,,,,,
DB00676,Benzyl benzoate,120-51-4,2345.0,2345,120-51-4,,,,,,,,,,
DB00677,Isoflurophate,55-91-4,5936.0,5936,55-91-4,,,,,,,,,,
DB00678,Losartan,114798-26-4,3961.0,3961,114798-26-4,,,,,,,,,,
DB00679,Thioridazine,50-52-2,5452.0,5452,50-52-2,,,,,,,,,,
DB00680,Moricizine,31883-05-3,34633.0,34633,31883-05-3,,,,,,,,,,
DB00681,Amphotericin B,1397-89-3,5280965.0,5280965,1397-89-330652-87-0,1397-89-3,12633-72-6,,,,,,,,
DB00682,Warfarin,81-81-2,54678486.0,54678486,81-81-2,,,,,,,,,,
DB00683,Midazolam,59467-70-8,4192.0,4192,59467-70-8,,,,,,,,,,
DB00684,Tobramycin,32986-56-4,36294.0,36294,32986-56-4,11048-13-8,49842-07-1,,,,,,,,
DB00685,Trovafloxacin,147059-72-1,62959.0,62959,147059-72-1,,,,,,,,,,
DB00686,Pentosan polysulfate,37300-21-3,37720.0,37720,37300-21-3,,,,,,,,,,
DB00687,Fludrocortisone,127-31-1,31378.0,31378,127-31-1,,,,,,,,,,
DB00688,Mycophenolate mofetil,128794-94-5,5281078.0,5281078,128794-94-5,115007-34-6,,,,,,,,,
DB00689,Cephaloglycin,3577-01-3,19150.0,19150,3577-01-3,,,,,,,,,,
DB00690,Flurazepam,17617-23-1,3393.0,3393,17617-23-1,,,,,,,,,,
DB00691,Moexipril,103775-10-6,91270.0,91270,103775-10-6,109715-88-0,,,,,,,,,
DB00692,Phentolamine,50-60-2,5775.0,5775,50-60-2,,,,,,,,,,
DB00693,Fluorescein,2321-07-5,16850.0,16850,2321-07-5,,,,,,,,,,
DB00694,Daunorubicin,20830-81-3,30323.0,30323,20830-81-3,,,,,,,,,,
DB00695,Furosemide,54-31-9,3440.0,3440,54-31-9,84931-49-7,106391-48-4,,,,,,,,
DB00696,Ergotamine,113-15-5,8223.0,8223,379-79-3,113-15-5,,,,,,,,,
DB00697,Tizanidine,51322-75-9,5487.0,5487,51322-75-9,,,,,,,,,,
DB00698,Nitrofurantoin,67-20-9,6604200.0,6604200,67-20-9,,,,,,,,,,
DB00699,Nicergoline,27848-84-6,34040.0,34040,27848-84-6,,,,,,,,,,
DB00700,Eplerenone,107724-20-9,443872.0,443872,107724-20-9,,,,,,,,,,
DB00701,Amprenavir,161814-49-9,65016.0,65016,161814-49-9,,,,,,,,,,
DB00703,Methazolamide,554-57-4,4100.0,4100,554-57-4,1164547-86-7,,,,,,,,,
DB00704,Naltrexone,16590-41-3,5360515.0,5360515,16590-41-3,,,,,,,,,,
DB00705,Delavirdine,136817-59-9,5625.0,5625,136817-59-9,,,,,,,,,,
DB00706,Tamsulosin,106133-20-4,129211.0,129211,106133-20-4,,,,,,,,,,
DB00708,Sufentanil,56030-54-7,41693.0,41693,56030-54-7,,,,,,,,,,
DB00709,Lamivudine,134678-17-4,60825.0,60825,134678-17-4,,,,,,,,,,
DB00710,Ibandronate,114084-78-5,60852.0,60852,114084-78-5,,,,,,,,,,
DB00711,Diethylcarbamazine,90-89-1,3052.0,3052,90-89-1,,,,,,,,,,
DB00712,Flurbiprofen,5104-49-4,3394.0,3394,5104-49-4,51543-38-5,,,,,,,,,
DB00713,Oxacillin,66-79-5,6196.0,6196,66-79-5,1173-88-2,7240-38-2,,,,,,,,
DB00714,Apomorphine,58-00-4,6005.0,6005,58-00-4,314-19-2,41372-20-7,,,,,,,,
DB00715,Paroxetine,61869-08-7,43815.0,43815,61869-08-7,110429-35-1,,,,,,,,,
DB00716,Nedocromil,69049-73-6,50294.0,50294,69049-73-6,,,,,,,,,,
DB00717,Norethisterone,68-22-4,6230.0,6230,68-22-4,,,,,,,,,,
DB00718,Adefovir dipivoxil,142340-99-6,60871.0,60871,142340-99-6,,,,,,,,,,
DB00719,Azatadine,3964-81-6,19861.0,19861,3964-81-6,,,,,,,,,,
DB00720,Clodronic acid,10596-23-3,25419.0,25419,10596-23-3,88416-50-6,,,,,,,,,
DB00721,Procaine,59-46-1,4914.0,4914,59-46-1,,,,,,,,,,
DB00722,Lisinopril,76547-98-3,5362119.0,5362119,76547-98-3,77726-95-5,83915-83-7,,,,,,,,
DB00723,Methoxamine,390-28-3,6082.0,6082,390-28-3,,,,,,,,,,
DB00724,Imiquimod,99011-02-6,57469.0,57469,99011-02-6,9050-31-1,,,,,,,,,
DB00725,Homatropine methylbromide,80-49-9,6646.0,6646,80-49-9,,,,,,,,,,
DB00726,Trimipramine,739-71-9,5584.0,5584,3564-75-8,739-71-9,3564-66-7,,,,,,,,
DB00727,Nitroglycerin,55-63-0,4510.0,4510,55-63-0,,,,,,,,,,
DB00728,Rocuronium,143558-00-3,441290.0,441290,143558-00-3,119302-91-9,,,,,,,,,
DB00730,Thiabendazole,148-79-8,5430.0,5430,148-79-8,,,,,,,,,,
DB00731,Nateglinide,105816-04-4,5311309.0,5311309,105816-04-4,,,,,,,,,,
DB00732,Atracurium besylate,64228-81-5,47320.0,47320,64228-81-5,96946-42-8,,,,,,,,,
DB00733,Pralidoxime,6735-59-7,5353894.0,135398747,6735-59-7,45765-69-3,25615-00-3,,,,,,,,
DB00734,Risperidone,106266-06-2,5073.0,5073,106266-06-2,,,,,,,,,,
DB00735,Naftifine,65472-88-0,73342.0,73342,65472-88-0,,,,,,,,,,
DB00736,Esomeprazole,119141-88-7,9568614.0,9568614,119141-88-7,,,,,,,,,,
DB00737,Meclizine,569-65-3,4034.0,4034,569-65-3,163837-49-8,,,,,,,,,
DB00738,Pentamidine,100-33-4,4735.0,4735,100-33-4,,,,,,,,,,
DB00739,Hetacillin,3511-16-8,443387.0,443387,3511-16-8,,,,,,,,,,
DB00740,Riluzole,1744-22-5,5070.0,5070,1744-22-5,,,,,,,,,,
DB00741,Hydrocortisone,50-23-7,5754.0,5754,50-23-7,,,,,,,,,,
DB00742,Mannitol,69-65-8,6251.0,6251,69-65-8,87-78-5,,,,,,,,,
DB00743,Gadobenic acid,113662-23-0,131704172.0,131704172,113662-23-0,,,,,,,,,,
DB00744,Zileuton,111406-87-2,60490.0,60490,111406-87-2,142606-21-1,143200-94-6,,,,,,,,
DB00745,Modafinil,68693-11-8,4236.0,4236,68693-11-8,112111-43-0,,,,,,,,,
DB00746,Deferoxamine,70-51-9,2973.0,2973,70-51-9,,,,,,,,,,
DB00747,Scopolamine,51-34-3,3000322.0,3000322,114-49-8,51-34-3,672-21-9,6533-68-2,,,,,,,
DB00748,Carbinoxamine,486-16-8,2564.0,2564,486-16-8,,,,,,,,,,
DB00749,Etodolac,41340-25-4,3308.0,3308,41340-25-4,,,,,,,,,,
DB00750,Prilocaine,721-50-6,4906.0,4906,721-50-6,,,,,,,,,,
DB00751,Epinastine,80012-43-7,3241.0,3241,80012-43-7,,,,,,,,,,
DB00752,Tranylcypromine,155-09-9,5530.0,5530,155-09-9,3721-28-6,,,,,,,,,
DB00753,Isoflurane,26675-46-7,3763.0,3763,26675-46-7,,,,,,,,,,
DB00754,Ethotoin,86-35-1,3292.0,3292,86-35-1,,,,,,,,,,
DB00755,Tretinoin,302-79-4,5538.0,444795,302-79-4,97950-17-9,,,,,,,,,
DB00756,Hexachlorophene,70-30-4,3598.0,3598,70-30-4,,,,,,,,,,
DB00757,Dolasetron,115956-12-2,3033818.0,3033818,115956-12-2,115956-13-3,,,,,,,,,
DB00758,Clopidogrel,113665-84-2,60606.0,60606,113665-84-2,120202-66-6,,,,,,,,,
DB00759,Tetracycline,60-54-8,54675776.0,54675776,60-54-8,,,,,,,,,,
DB00760,Meropenem,96036-03-2,441130.0,441130,96036-03-2,119478-56-7,,,,,,,,,
DB00761,Potassium chloride,7447-40-7,4873.0,4873,7447-40-7,14336-88-0,,,,,,,,,
DB00762,Irinotecan,97682-44-5,60838.0,60838,97682-44-5,100286-90-6,,,,,,,,,
DB00763,Methimazole,60-56-0,1349907.0,1349907,60-56-0,,,,,,,,,,
DB00765,Metyrosine,672-87-7,441350.0,441350,672-87-7,,,,,,,,,,
DB00766,Clavulanic acid,58001-44-8,5280980.0,5280980,58001-44-8,,,,,,,,,,
DB00768,Olopatadine,113806-05-6,5281071.0,5281071,113806-05-6,,,,,,,,,,
DB00769,Hydrocortamate,76-47-1,84088.0,84088,76-47-1,,,,,,,,,,
DB00770,Alprostadil,745-65-3,149351.0,5280723,745-65-3,119314-69-1,,,,,,,,,
DB00771,Clidinium,7020-55-5,2784.0,2784,7020-55-5,,,,,,,,,,
DB00772,Malathion,121-75-5,4004.0,4004,121-75-5,,,,,,,,,,
DB00773,Etoposide,33419-42-0,36462.0,36462,33419-42-0,,,,,,,,,,
DB00774,Hydroflumethiazide,135-09-1,3647.0,3647,135-09-1,,,,,,,,,,
DB00775,Tirofiban,144494-65-5,60947.0,60947,144494-65-5,,,,,,,,,,
DB00776,Oxcarbazepine,28721-07-5,34312.0,34312,28721-07-5,,,,,,,,,,
DB00777,Propiomazine,362-29-8,4940.0,4940,362-29-8,,,,,,,,,,
DB00778,Roxithromycin,80214-83-1,6915744.0,6915744,80214-83-1,,,,,,,,,,
DB00779,Nalidixic acid,389-08-2,4421.0,4421,389-08-2,,,,,,,,,,
DB00780,Phenelzine,51-71-8,3675.0,3675,51-71-8,,,,,,,,,,
DB00782,Propantheline,298-50-0,4934.0,4934,298-50-0,,,,,,,,,,
DB00783,Estradiol,50-28-2,5757.0,5757,17916-67-5,50-28-2,35380-71-3,73459-61-7,,,,,,,
DB00784,Mefenamic acid,61-68-7,4044.0,4044,61-68-7,,,,,,,,,,
DB00787,Acyclovir,59277-89-3,2022.0,135398513,59277-89-3,,,,,,,,,,
DB00788,Naproxen,22204-53-1,156391.0,156391,22204-53-1,26159-31-9,,,,,,,,,
DB00789,Gadopentetic acid,80529-93-7,55466.0,6857474,80529-93-7,,,,,,,,,,
DB00790,Perindopril,82834-16-0,107807.0,107807,82834-16-0,107133-36-8,,,,,,,,,
DB00791,Uracil mustard,66-75-1,6194.0,6194,66-75-1,,,,,,,,,,
DB00792,Tripelennamine,91-81-6,5587.0,5587,91-81-6,,,,,,,,,,
DB00793,Haloprogin,777-11-7,3561.0,3561,777-11-7,,,,,,,,,,
DB00794,Primidone,125-33-7,4909.0,4909,125-33-7,,,,,,,,,,
DB00795,Sulfasalazine,599-79-1,5359476.0,5339,599-79-1,,,,,,,,,,
DB00796,Candesartan cilexetil,145040-37-5,2540.0,2540,145040-37-5,,,,,,,,,,
DB00797,Tolazoline,59-98-3,5504.0,5504,59-98-3,,,,,,,,,,
DB00798,Gentamicin,1403-66-3,3467.0,3467,1403-66-3,,,,,,,,,,
DB00799,Tazarotene,118292-40-3,5381.0,5381,118292-40-3,,,,,,,,,,
DB00800,Fenoldopam,67227-56-9,3341.0,3341,67227-56-9,67227-57-0,,,,,,,,,
DB00801,Halazepam,23092-17-3,31640.0,31640,23092-17-3,,,,,,,,,,
DB00802,Alfentanil,71195-58-9,51263.0,51263,71195-58-9,,,,,,,,,,
DB00803,Colistin,1066-17-7,131704173.0,44144393,1066-17-7,,,,,,,,,,
DB00804,Dicyclomine,77-19-0,3042.0,3042,77-19-0,67-92-5,,,,,,,,,
DB00805,Minaprine,25905-77-5,4199.0,4199,25905-77-5,,,,,,,,,,
DB00806,Pentoxifylline,6493-05-6,4740.0,4740,6493-05-6,,,,,,,,,,
DB00807,Proparacaine,499-67-2,4935.0,4935,499-67-2,,,,,,,,,,
DB00808,Indapamide,26807-65-8,3702.0,3702,26807-65-8,,,,,,,,,,
DB00809,Tropicamide,1508-75-4,5593.0,5593,1508-75-4,,,,,,,,,,
DB00810,Biperiden,514-65-8,2381.0,2381,514-65-8,1235-82-1,,,,,,,,,
DB00811,Ribavirin,36791-04-5,37542.0,37542,36791-04-5,252269-50-4,,,,,,,,,
DB00812,Phenylbutazone,50-33-9,4781.0,4781,50-33-9,,,,,,,,,,
DB00813,Fentanyl,437-38-7,3345.0,3345,437-38-7,,,,,,,,,,
DB00814,Meloxicam,71125-38-7,54677470.0,54677470,71125-38-7,,,,,,,,,,
DB00816,Orciprenaline,586-06-1,4086.0,4086,586-06-1,,,,,,,,,,
DB00817,Rosoxacin,40034-42-2,287180.0,287180,40034-42-2,,,,,,,,,,
DB00818,Propofol,2078-54-8,4943.0,4943,2078-54-8,,,,,,,,,,
DB00819,Acetazolamide,59-66-5,1986.0,1986,59-66-5,,,,,,,,,,
DB00820,Tadalafil,171596-29-5,110635.0,110635,171596-29-5,,,,,,,,,,
DB00821,Carprofen,53716-49-7,2581.0,2581,53716-49-7,,,,,,,,,,
DB00822,Disulfiram,97-77-8,3117.0,3117,97-77-8,,,,,,,,,,
DB00823,Ethynodiol diacetate,297-76-7,9270.0,9270,297-76-7,,,,,,,,,,
DB00824,Enprofylline,41078-02-8,1676.0,1676,41078-02-8,,,,,,,,,,
DB00825,Levomenthol,2216-51-5,16666.0,16666,89-78-1,2216-51-5,,,,,,,,,
DB00826,Natamycin,7681-93-8,5284447.0,5284447,7681-93-8,,,,,,,,,,
DB00827,Cinoxacin,28657-80-9,2762.0,2762,28657-80-9,,,,,,,,,,
DB00828,Fosfomycin,23155-02-4,446987.0,446987,23155-02-4,,,,,,,,,,
DB00829,Diazepam,439-14-5,3016.0,3016,439-14-5,,,,,,,,,,
DB00830,Phenmetrazine,134-49-6,4762.0,4762,134-49-6,,,,,,,,,,
DB00831,Trifluoperazine,117-89-5,5566.0,5566,117-89-5,,,,,,,,,,
DB00832,Phensuximide,86-34-0,6839.0,6839,86-34-0,,,,,,,,,,
DB00833,Cefaclor,53994-73-3,51039.0,51039,53994-73-3,70356-03-5,,,,,,,,,
DB00834,Mifepristone,84371-65-3,55245.0,55245,84371-65-3,,,,,,,,,,
DB00835,Brompheniramine,86-22-6,6834.0,6834,86-22-6,,,,,,,,,,
DB00836,Loperamide,53179-11-6,3955.0,3955,53179-11-6,,,,,,,,,,
DB00838,Clocortolone,4828-27-7,5311052.0,5311052,4828-27-7,34097-16-0,,,,,,,,,
DB00839,Tolazamide,1156-19-0,5503.0,5503,1156-19-0,,,,,,,,,,
DB00841,Dobutamine,34368-04-2,36811.0,36811,34368-04-2,,,,,,,,,,
DB00842,Oxazepam,604-75-1,4616.0,4616,604-75-1,,,,,,,,,,
DB00843,Donepezil,120014-06-4,3152.0,3152,120014-06-4,,,,,,,,,,
DB00844,Nalbuphine,20594-83-6,5311304.0,5311304,20594-83-6,,,,,,,,,,
DB00845,Clofazimine,2030-63-9,2794.0,2794,2030-63-9,,,,,,,,,,
DB00846,Flurandrenolide,1524-88-5,15209.0,15209,1524-88-5,,,,,,,,,,
DB00847,Cysteamine,60-23-1,6058.0,6058,60-23-1,,,,,,,,,,
DB00848,Levamisole,14769-73-4,26879.0,26879,14769-73-4,,,,,,,,,,
DB00849,Methylphenobarbital,115-38-8,8271.0,8271,115-38-8,,,,,,,,,,
DB00850,Perphenazine,58-39-9,4748.0,4748,58-39-9,130-69-8,5352-90-9,,,,,,,,
DB00851,Dacarbazine,4342-03-4,5351166.0,135398738,4342-03-4,94361-71-4,,,,,,,,,
DB00852,Pseudoephedrine,90-82-4,7028.0,7028,90-82-4,,,,,,,,,,
DB00853,Temozolomide,85622-93-1,5394.0,5394,85622-93-1,,,,,,,,,,
DB00854,Levorphanol,77-07-6,5359272.0,5359272,297-90-5,77-07-6,,,,,,,,,
DB00855,Aminolevulinic acid,106-60-5,137.0,137,106-60-5,,,,,,,,,,
DB00856,Chlorphenesin,104-29-0,7697.0,7697,104-29-0,,,,,,,,,,
DB00857,Terbinafine,91161-71-6,1549008.0,1549008,91161-71-6,,,,,,,,,,
DB00859,Penicillamine,52-67-5,5852.0,5852,771431-20-0,52-67-5,,,,,,,,,
DB00860,Prednisolone,50-24-8,5755.0,5755,50-24-8,,,,,,,,,,
DB00861,Diflunisal,22494-42-4,3059.0,3059,22494-42-4,,,,,,,,,,
DB00862,Vardenafil,224785-90-4,110634.0,135400189,224785-90-4,,,,,,,,,,
DB00863,Ranitidine,66357-35-5,3001055.0,5039,66357-35-5,,,,,,,,,,
DB00864,Tacrolimus,104987-11-3,445643.0,445643,104987-11-3,109581-93-3,,,,,,,,,
DB00865,Benzphetamine,156-08-1,5311017.0,5311017,156-08-1,,,,,,,,,,
DB00867,Ritodrine,26652-09-5,33572.0,33572,26652-09-5,23239-51-2,,,,,,,,,
DB00868,Benzonatate,104-31-4,7699.0,7699,104-31-4,,,,,,,,,,
DB00869,Dorzolamide,120279-96-1,5284549.0,5284549,120279-96-1,,,,,,,,,,
DB00870,Suprofen,40828-46-4,5359.0,5359,40828-46-4,,,,,,,,,,
DB00871,Terbutaline,23031-25-6,5403.0,5403,23031-25-6,46719-29-3,,,,,,,,,
DB00872,Conivaptan,210101-16-9,151171.0,151171,210101-16-9,,,,,,,,,,
DB14596,Loteprednol etabonate,82034-46-6,9865442.0,444025,82034-46-6,,,,,,,,,,
DB00874,Guaifenesin,93-14-1,3516.0,3516,93-14-1,,,,,,,,,,
DB00875,Flupentixol,2709-56-0,5281881.0,5281881,53772-82-0,2709-56-0,,,,,,,,,
DB00876,Eprosartan,133040-01-4,5281037.0,5281037,133040-01-4,,,,,,,,,,
DB00877,Sirolimus,53123-88-9,5284616.0,5284616,53123-88-9,,,,,,,,,,
DB00878,Chlorhexidine,55-56-1,9552079.0,9552079,55-56-1,56-95-1,3697-42-5,,,,,,,,
DB00879,Emtricitabine,143491-57-0,60877.0,60877,143491-57-0,143491-54-7,,,,,,,,,
DB00880,Chlorothiazide,58-94-6,2720.0,2720,58-94-6,,,,,,,,,,
DB00881,Quinapril,85441-61-8,54892.0,54892,85441-61-8,,,,,,,,,,
DB00882,Clomifene,911-45-5,2800.0,2800,911-45-5,15690-57-0,,,,,,,,,
DB00883,Isosorbide dinitrate,87-33-2,6883.0,6883,87-33-2,,,,,,,,,,
DB00884,Risedronic acid,105462-24-6,5245.0,5245,105462-24-6,115436-72-1,,,,,,,,,
DB00885,Pemirolast,69372-19-6,57697.0,57697,69372-19-6,100299-08-9,,,,,,,,,
DB00887,Bumetanide,28395-03-1,2471.0,2471,28395-03-1,,,,,,,,,,
DB00888,Mechlorethamine,51-75-2,4033.0,4033,51-75-2,,,,,,,,,,
DB00889,Granisetron,109889-09-0,5284566.0,5284566,109889-09-0,,,,,,,,,,
DB00890,Dienestrol,13029-44-2,667476.0,667476,13029-44-2,84-17-3,,,,,,,,,
DB00891,Sulfapyridine,144-83-2,5336.0,5336,144-83-2,,,,,,,,,,
DB00892,Oxybuprocaine,99-43-4,4633.0,4633,99-43-4,,,,,,,,,,
DB00894,Testolactone,968-93-4,13769.0,13769,968-93-4,,,,,,,,,,
DB00896,Rimexolone,49697-38-3,5311412.0,5311412,49697-38-3,,,,,,,,,,
DB00897,Triazolam,28911-01-5,5556.0,5556,28911-01-5,,,,,,,,,,
DB00898,Ethanol,64-17-5,702.0,702,64-17-5,68475-56-9,71329-38-9,,,,,,,,
DB00899,Remifentanil,132875-61-7,60815.0,60815,132875-61-7,,,,,,,,,,
DB00900,Didanosine,69655-05-6,50599.0,135398739,69655-05-6,,,,,,,,,,
DB00902,Methdilazine,1982-37-2,14677.0,14677,1982-37-2,,,,,,,,,,
DB00903,Etacrynic acid,58-54-8,3278.0,3278,58-54-8,,,,,,,,,,
DB00904,Ondansetron,99614-02-5,4595.0,4595,99614-02-5,99614-01-4,103639-04-9,,,,,,,,
DB00905,Bimatoprost,155206-00-1,5311027.0,5311027,155206-00-1,,,,,,,,,,
DB00906,Tiagabine,115103-54-3,60648.0,60648,115103-54-3,,,,,,,,,,
DB00907,Cocaine,50-36-2,446220.0,446220,50-36-2,,,,,,,,,,
DB00908,Quinidine,56-54-2,441074.0,441074,56-54-2,,,,,,,,,,
DB00909,Zonisamide,68291-97-4,5734.0,5734,68291-97-4,,,,,,,,,,
DB00910,Paricalcitol,131918-61-1,5281104.0,5281104,131918-61-1,,,,,,,,,,
DB00911,Tinidazole,19387-91-8,5479.0,5479,148159-84-6,19387-91-8,,,,,,,,,
DB00912,Repaglinide,135062-02-1,65981.0,65981,135062-02-1,,,,,,,,,,
DB00913,Anileridine,144-14-9,8944.0,8944,144-14-9,,,,,,,,,,
DB00914,Phenformin,114-86-3,8249.0,8249,114-86-3,,,,,,,,,,
DB00915,Amantadine,768-94-5,2130.0,2130,768-94-5,,,,,,,,,,
DB00916,Metronidazole,443-48-1,4173.0,4173,443-48-1,56010-45-8,99616-64-5,,,,,,,,
DB00917,Dinoprostone,363-24-6,5280360.0,5280360,363-24-6,,,,,,,,,,
DB00918,Almotriptan,154323-57-6,123606.0,123606,154323-57-6,181183-52-8,,,,,,,,,
DB00919,Spectinomycin,1695-77-8,15541.0,15541,1695-77-8,21736-83-4,22189-32-8,,,,,,,,
DB00920,Ketotifen,34580-13-7,3827.0,3827,34580-13-7,34580-14-8,,,,,,,,,
DB00921,Buprenorphine,52485-79-7,644073.0,644073,52485-79-7,,,,,,,,,,
DB00922,Levosimendan,141505-33-1,3033825.0,3033825,141505-33-1,,,,,,,,,,
DB00923,Ceforanide,60925-61-3,43507.0,43507,60925-61-3,,,,,,,,,,
DB00924,Cyclobenzaprine,303-53-7,2895.0,2895,303-53-7,,,,,,,,,,
DB00925,Phenoxybenzamine,59-96-1,4768.0,4768,59-96-1,,,,,,,,,,
DB00927,Famotidine,76824-35-6,3325.0,3325,76824-35-6,,,,,,,,,,
DB00928,Azacitidine,320-67-2,9444.0,9444,320-67-2,,,,,,,,,,
DB00929,Misoprostol,59122-46-2,5282381.0,5282381,59122-46-2,,,,,,,,,,
DB00931,Metacycline,914-00-1,54675785.0,54675785,914-00-1,3963-95-9,,,,,,,,,
DB00932,Tipranavir,174484-41-4,54682461.0,54682461,174484-41-4,,,,,,,,,,
DB00933,Mesoridazine,5588-33-0,4078.0,4078,5588-33-0,,,,,,,,,,
DB00934,Maprotiline,10262-69-8,4011.0,4011,10262-69-8,,,,,,,,,,
DB00935,Oxymetazoline,1491-59-4,4636.0,4636,1491-59-4,,,,,,,,,,
DB00936,Salicylic acid,69-72-7,338.0,338,69-72-7,,,,,,,,,,
DB00937,Diethylpropion,90-84-6,7029.0,7029,90-84-6,134-80-5,,,,,,,,,
DB00938,Salmeterol,89365-50-4,5152.0,5152,89365-50-4,,,,,,,,,,
DB00939,Meclofenamic acid,644-62-2,4037.0,4037,644-62-2,,,,,,,,,,
DB00940,Methantheline,5818-17-7,4097.0,4097,5818-17-7,,,,,,,,,,
DB00941,Hexafluronium,4844-10-4,3601.0,3601,4844-10-4,,,,,,,,,,
DB00942,Cycrimine,77-39-4,2911.0,2911,77-39-4,,,,,,,,,,
DB00943,Zalcitabine,7481-89-2,24066.0,24066,7481-89-2,,,,,,,,,,
DB00944,Demecarium,16505-84-3,5966.0,5966,16505-84-3,56-94-0,,,,,,,,,
DB00945,Acetylsalicylic acid,50-78-2,2244.0,2244,50-78-2,,,,,,,,,,
DB00946,Phenprocoumon,435-97-2,54680692.0,54680692,435-97-2,,,,,,,,,,
DB00947,Fulvestrant,129453-61-8,17756771.0,104741,129453-61-8,,,,,,,,,,
DB00948,Mezlocillin,51481-65-3,656511.0,656511,51481-65-3,,,,,,,,,,
DB00949,Felbamate,25451-15-4,3331.0,3331,25451-15-4,,,,,,,,,,
DB00950,Fexofenadine,83799-24-0,3348.0,3348,83799-24-0,,,,,,,,,,
DB00951,Isoniazid,54-85-3,3767.0,3767,54-85-3,,,,,,,,,,
DB00952,Naratriptan,121679-13-8,4440.0,4440,121679-13-8,,,,,,,,,,
DB00953,Rizatriptan,144034-80-0,5078.0,5078,144034-80-0,145202-66-0,,,,,,,,,
DB00955,Netilmicin,56391-56-1,441306.0,441306,56391-56-1,56391-57-2,,,,,,,,,
DB00956,Hydrocodone,125-29-1,5284569.0,5284569,125-29-1,,,,,,,,,,
DB00957,Norgestimate,35189-28-7,6540478.0,6540478,20799-27-3,35189-28-7,,,,,,,,,
DB00958,Carboplatin,41575-94-4,38904.0,5352133,41575-94-4,,,,,,,,,,
DB00959,Methylprednisolone,83-43-2,6741.0,6741,83-43-2,,,,,,,,,,
DB00960,Pindolol,13523-86-9,4828.0,4828,13523-86-9,,,,,,,,,,
DB00961,Mepivacaine,96-88-8,4062.0,4062,96-88-8,,,,,,,,,,
DB00962,Zaleplon,151319-34-5,5719.0,5719,151319-34-5,,,,,,,,,,
DB00963,Bromfenac,91714-94-2,60726.0,60726,91714-94-2,,,,,,,,,,
DB00964,Apraclonidine,66711-21-5,2216.0,2216,66711-21-5,,,,,,,,,,
DB00966,Telmisartan,144701-48-4,65999.0,65999,144701-48-4,,,,,,,,,,
DB00967,Desloratadine,100643-71-8,124087.0,124087,100643-71-8,,,,,,,,,,
DB00968,Methyldopa,555-30-6,38853.0,38853,555-30-6,555-29-3,41372-08-1,,,,,,,,
DB00969,Alosetron,122852-42-0,2099.0,2099,122852-42-0,,,,,,,,,,
DB00970,Dactinomycin,50-76-0,457193.0,457193,50-76-0,,,,,,,,,,
DB00971,Selenium Sulfide,7488-56-4,24087.0,24087,7488-56-4,,,,,,,,,,
DB00972,Azelastine,58581-89-8,2267.0,2267,58581-89-8,,,,,,,,,,
DB00973,Ezetimibe,163222-33-1,150311.0,150311,163222-33-1,,,,,,,,,,
DB00974,Edetic acid,60-00-4,6049.0,6049,60-00-4,139-33-3,150-43-6,688-55-1,6381-92-6,53632-26-1,62-33-9,,,,
DB00975,Dipyridamole,58-32-2,3108.0,3108,58-32-2,,,,,,,,,,
DB00976,Telithromycin,191114-48-4,3002190.0,3002190,191114-48-4,,,,,,,,,,
DB00977,Ethinylestradiol,57-63-6,5991.0,5991,57-63-6,,,,,,,,,,
DB00978,Lomefloxacin,98079-51-7,3948.0,3948,98079-51-7,,,,,,,,,,
DB00979,Cyclopentolate,512-15-2,2905.0,2905,512-15-2,,,,,,,,,,
DB00980,Ramelteon,196597-26-9,208902.0,208902,196597-26-9,,,,,,,,,,
DB00981,Physostigmine,57-47-6,5983.0,5983,57-47-6,,,,,,,,,,
DB00982,Isotretinoin,4759-48-2,5282379.0,5282379,4759-48-2,,,,,,,,,,
DB00983,Formoterol,73573-87-2,3410.0,3410,43229-80-7,73573-87-2,183814-30-4,,,,,,,,
DB00984,Nandrolone phenpropionate,62-90-8,229455.0,229455,62-90-8,,,,,,,,,,
DB00985,Dimenhydrinate,523-87-5,441281.0,10660,523-87-5,,,,,,,,,,
DB00986,Glycopyrronium,740028-90-4,9933193.0,3494,13283-82-4,51186-83-5,740028-90-4,596-51-0,,,,,,,
DB00987,Cytarabine,147-94-4,6253.0,6253,147-94-4,,,,,,,,,,
DB00988,Dopamine,51-61-6,681.0,681,51-61-6,50444-17-2,62-31-7,,,,,,,,
DB00989,Rivastigmine,123441-03-2,77991.0,77991,123441-03-2,,,,,,,,,,
DB00990,Exemestane,107868-30-4,60198.0,60198,107868-30-4,,,,,,,,,,
DB00991,Oxaprozin,21256-18-8,4614.0,4614,21256-18-8,,,,,,,,,,
DB00992,Methyl aminolevulinate,33320-16-0,157922.0,157922,33320-16-0,,,,,,,,,,
DB00993,Azathioprine,446-86-6,2265.0,2265,446-86-6,,,,,,,,,,
DB00995,Auranofin,34031-32-8,70788951.0,70788951,34031-32-8,,,,,,,,,,
DB00996,Gabapentin,60142-96-3,3446.0,3446,60142-96-3,,,,,,,,,,
DB00997,Doxorubicin,23214-92-8,31703.0,31703,25316-40-9,23214-92-8,64842-75-7,111266-55-8,1392315-46-6,,,,,,
DB00998,Frovatriptan,158747-02-5,77992.0,77992,158747-02-5,,,,,,,,,,
DB00999,Hydrochlorothiazide,58-93-5,3639.0,3639,58-93-5,,,,,,,,,,
DB01000,Cyclacillin,3485-14-1,19003.0,19003,3485-14-1,,,,,,,,,,
DB01001,Salbutamol,18559-94-9,2083.0,2083,18559-94-9,51022-70-9,,,,,,,,,
DB01002,Levobupivacaine,27262-47-1,92253.0,92253,27262-47-1,,,,,,,,,,
DB01003,Cromoglicic acid,16110-51-3,2882.0,2882,16110-51-3,,,,,,,,,,
DB01004,Ganciclovir,82410-32-0,3454.0,135398740,82410-32-0,,,,,,,,,,
DB01005,Hydroxyurea,127-07-1,3657.0,3657,127-07-1,8029-68-3,,,,,,,,,
DB01006,Letrozole,112809-51-5,3902.0,3902,112809-51-5,,,,,,,,,,
DB01007,Tioconazole,65899-73-2,5482.0,5482,65899-73-2,,,,,,,,,,
DB01008,Busulfan,55-98-1,2478.0,2478,55-98-1,,,,,,,,,,
DB01009,Ketoprofen,22071-15-4,3825.0,3825,22071-15-4,,,,,,,,,,
DB01010,Edrophonium,312-48-1,3202.0,3202,312-48-1,116-38-1,,,,,,,,,
DB01011,Metyrapone,54-36-4,4174.0,4174,54-36-4,,,,,,,,,,
DB01012,Cinacalcet,226256-56-0,156419.0,156419,226256-56-0,,,,,,,,,,
DB01013,Clobetasol propionate,25122-46-7,32798.0,32798,25122-46-7,,,,,,,,,,
DB01014,Balsalazide,80573-04-2,6335412.0,54585,80573-04-2,150399-21-6,213594-60-6,,,,,,,,
DB01015,Sulfamethoxazole,723-46-6,5329.0,5329,723-46-6,144930-01-8,144993-89-5,,,,,,,,
DB01016,Glyburide,10238-21-8,3488.0,3488,10238-21-8,,,,,,,,,,
DB01017,Minocycline,10118-90-8,54675783.0,54675783,10118-90-8,,,,,,,,,,
DB01018,Guanfacine,29110-47-2,3519.0,3519,29110-47-2,,,,,,,,,,
DB01019,Bethanechol,674-38-4,2370.0,2370,674-38-4,,,,,,,,,,
DB01020,Isosorbide mononitrate,16051-77-7,27661.0,27661,16051-77-7,,,,,,,,,,
DB01021,Trichlormethiazide,133-67-5,5560.0,5560,133-67-5,,,,,,,,,,
DB01022,Phylloquinone,84-80-0,5284607.0,5284607,79083-00-4,84-80-0,11104-38-4,12001-79-5,,,,,,,
DB01023,Felodipine,72509-76-3,3333.0,3333,72509-76-3,,,,,,,,,,
DB01024,Mycophenolic acid,24280-93-1,446541.0,446541,24280-93-1,483-60-3,,,,,,,,,
DB01025,Amlexanox,68302-57-8,2161.0,2161,68302-57-8,,,,,,,,,,
DB01026,Ketoconazole,65277-42-1,3823.0,3823,65277-42-1,79156-75-5,,,,,,,,,
DB01028,Methoxyflurane,76-38-0,4116.0,4116,76-38-0,,,,,,,,,,
DB01029,Irbesartan,138402-11-6,3749.0,3749,138402-11-6,,,,,,,,,,
DB01030,Topotecan,123948-87-8,60700.0,60700,123948-87-8,119413-54-6,,,,,,,,,
DB01031,Ethinamate,126-52-3,3284.0,3284,126-52-3,,,,,,,,,,
DB01032,Probenecid,57-66-9,4911.0,4911,57-66-9,,,,,,,,,,
DB01033,Mercaptopurine,50-44-2,667490.0,667490,50-44-2,1194-62-3,6112-76-1,31441-78-8,,,,,,,
DB01035,Procainamide,51-06-9,4913.0,4913,51-06-9,,,,,,,,,,
DB01036,Tolterodine,124937-51-5,443879.0,443879,124937-51-5,,,,,,,,,,
DB01037,Selegiline,14611-51-9,26757.0,26757,14611-51-9,,,,,,,,,,
DB01039,Fenofibrate,49562-28-9,3339.0,3339,49562-28-9,,,,,,,,,,
DB01041,Thalidomide,50-35-1,5426.0,5426,50-35-1,841-67-8,2614-06-4,,,,,,,,
DB01042,Melphalan,148-82-3,460612.0,460612,148-82-3,3223-07-2,,,,,,,,,
DB01043,Memantine,19982-08-2,4054.0,4054,19982-08-2,,,,,,,,,,
DB01044,Gatifloxacin,112811-59-3,5379.0,5379,112811-59-3,,,,,,,,,,
DB01045,Rifampicin,13292-46-1,5381226.0,135398735,13292-46-1,,,,,,,,,,
DB01046,Lubiprostone,136790-76-6,157920.0,157920,333963-40-9,136790-76-6,,,,,,,,,
DB01047,Fluocinonide,356-12-7,9642.0,9642,356-12-7,,,,,,,,,,
DB01048,Abacavir,136470-78-5,441300.0,441300,136470-78-5,,,,,,,,,,
DB01050,Ibuprofen,15687-27-1,3672.0,3672,15687-27-1,,,,,,,,,,
DB01051,Novobiocin,303-81-1,54675769.0,54675769,303-81-1,1476-53-5,,,,,,,,,
DB01053,Benzylpenicillin,61-33-6,5904.0,5904,61-33-6,,,,,,,,,,
DB01054,Nitrendipine,39562-70-4,4507.0,4507,39562-70-4,86052-02-0,,,,,,,,,
DB01056,Tocainide,41708-72-9,38945.0,38945,41708-72-9,53984-26-2,71395-14-7,76213-25-7,,,,,,,
DB01057,Echothiophate,6736-03-4,10548.0,10548,6736-03-4,513-10-0,,,,,,,,,
DB01058,Praziquantel,55268-74-1,4891.0,4891,55268-74-1,135526-78-2,,,,,,,,,
DB01059,Norfloxacin,70458-96-7,4539.0,4539,70458-96-7,,,,,,,,,,
DB01060,Amoxicillin,26787-78-0,33613.0,33613,26787-78-0,,,,,,,,,,
DB01061,Azlocillin,37091-66-0,6479523.0,6479523,37091-66-0,37091-65-9,,,,,,,,,
DB01062,Oxybutynin,5633-20-5,4634.0,4634,5633-20-5,,,,,,,,,,
DB01063,Acetophenazine,2751-68-0,17676.0,17676,2751-68-0,5714-00-1,,,,,,,,,
DB01064,Isoprenaline,7683-59-2,3779.0,3779,7683-59-2,,,,,,,,,,
DB01065,Melatonin,73-31-4,896.0,896,73-31-4,,,,,,,,,,
DB01066,Cefditoren,104145-95-1,9870843.0,9870843,104145-95-1,117467-28-4,,,,,,,,,
DB01067,Glipizide,29094-61-9,3478.0,3478,29094-61-9,,,,,,,,,,
DB01068,Clonazepam,1622-61-3,2802.0,2802,1622-61-3,,,,,,,,,,
DB01069,Promethazine,60-87-7,4927.0,4927,60-87-7,38878-40-9,,,,,,,,,
DB01070,Dihydrotachysterol,67-96-9,5311071.0,5311071,67-96-9,,,,,,,,,,
DB01072,Atazanavir,198904-31-3,148192.0,148192,198904-31-3,,,,,,,,,,
DB01073,Fludarabine,21679-14-1,657237.0,657237,21679-14-1,,,,,,,,,,
DB01074,Perhexiline,6621-47-2,4746.0,4746,39648-47-0,6621-47-2,39648-48-1,35193-73-8,,,,,,,
DB01075,Diphenhydramine,58-73-1,3100.0,3100,58-73-1,147-24-0,,,,,,,,,
DB01076,Atorvastatin,134523-00-5,60823.0,60823,134523-00-5,110862-48-1,134523-03-8,,,,,,,,
DB01077,Etidronic acid,2809-21-4,3305.0,3305,2809-21-4,7414-83-7,,,,,,,,,
DB01078,Deslanoside,17598-65-1,28620.0,28620,17598-65-1,,,,,,,,,,
DB01079,Tegaserod,145158-71-0,5362436.0,135409453,145158-71-0,189188-57-6,,,,,,,,,
DB01080,Vigabatrin,68506-86-5,5665.0,5665,68506-86-5,60643-86-9,,,,,,,,,
DB01081,Diphenoxylate,915-30-0,13505.0,13505,915-30-0,,,,,,,,,,
DB01082,Streptomycin,57-92-1,19649.0,19649,57-92-1,3810-74-0,,,,,,,,,
DB01083,Orlistat,96829-58-2,3034010.0,3034010,96829-58-2,,,,,,,,,,
DB01084,Emedastine,87233-61-2,3219.0,3219,87233-61-2,,,,,,,,,,
DB01085,Pilocarpine,92-13-7,5910.0,5910,92-13-7,54-71-7,,,,,,,,,
DB01086,Benzocaine,94-09-7,2337.0,2337,94-09-7,9011-18-1,9042-14-2,,,,,,,,
DB01087,Primaquine,90-34-6,4908.0,4908,90-34-6,,,,,,,,,,
DB01088,Iloprost,78919-13-8,5311181.0,5311181,78919-13-8,,,,,,,,,,
DB01089,Deserpidine,131-01-1,8550.0,8550,131-01-1,,,,,,,,,,
DB01090,Pentolinium,144-44-5,5850.0,5850,144-44-5,52-62-0,,,,,,,,,
DB01091,Butenafine,101828-21-1,2484.0,2484,101828-21-1,,,,,,,,,,
DB01092,Ouabain,630-60-4,439501.0,439501,630-60-4,,,,,,,,,,
DB01093,Dimethyl sulfoxide,67-68-5,679.0,679,67-68-5,,,,,,,,,,
DB01095,Fluvastatin,93957-54-1,1548972.0,1548972,93957-54-1,,,,,,,,,,
DB01096,Oxamniquine,21738-42-1,4612.0,4612,21738-42-1,40247-39-0,119678-90-9,,,,,,,,
DB01097,Leflunomide,75706-12-6,3899.0,3899,75706-12-6,,,,,,,,,,
DB01098,Rosuvastatin,287714-41-4,446157.0,446157,287714-41-4,,,,,,,,,,
DB01099,Flucytosine,2022-85-7,3366.0,3366,2022-85-7,,,,,,,,,,
DB01100,Pimozide,2062-78-4,16362.0,16362,2062-78-4,,,,,,,,,,
DB01101,Capecitabine,154361-50-9,60953.0,60953,154361-50-9,,,,,,,,,,
DB01102,Arbutamine,128470-16-6,60789.0,60789,128470-16-6,,,,,,,,,,
DB01104,Sertraline,79617-96-2,68617.0,68617,79617-96-2,79617-95-1,,,,,,,,,
DB01105,Sibutramine,106650-56-0,5210.0,5210,106650-56-0,,,,,,,,,,
DB01106,Levocabastine,79516-68-0,54385.0,54385,79449-98-2,79516-68-0,,,,,,,,,
DB01107,Methyprylon,125-64-4,4162.0,4162,125-64-4,30590-00-2,30590-01-3,,,,,,,,
DB01108,Trilostane,13647-35-3,656583.0,656583,13647-35-3,,,,,,,,,,
DB01110,Miconazole,22916-47-8,4189.0,4189,22916-47-8,,,,,,,,,,
DB01111,Colistimethate,12705-41-8,70789202.0,70789202,12705-41-8,,,,,,,,,,
DB01112,Cefuroxime,55268-75-2,5479529.0,5479529,55268-75-2,,,,,,,,,,
DB01113,Papaverine,58-74-2,4680.0,4680,58-74-2,61-25-6,,,,,,,,,
DB01114,Chlorpheniramine,132-22-9,2725.0,2725,113-92-8,132-22-9,,,,,,,,,
DB01115,Nifedipine,21829-25-4,4485.0,4485,21829-25-4,193689-82-6,915092-63-6,1173023-46-5,1219798-99-8,,,,,,
DB01116,Trimethaphan,7187-66-8,23576.0,23576,7187-66-8,,,,,,,,,,
DB01117,Atovaquone,95233-18-4,74989.0,74989,94015-53-9,95233-18-4,137732-39-9,,,,,,,,
DB01118,Amiodarone,1951-25-3,2157.0,2157,1951-25-3,,,,,,,,,,
DB01119,Diazoxide,364-98-7,3019.0,3019,364-98-7,,,,,,,,,,
DB01120,Gliclazide,21187-98-4,3475.0,3475,21187-98-4,,,,,,,,,,
DB01121,Phenacemide,63-98-9,4753.0,4753,63-98-9,,,,,,,,,,
DB01122,Ambenonium,7648-98-8,2131.0,2131,7648-98-8,,,,,,,,,,
DB01123,Proflavine,92-62-6,7099.0,7099,92-62-6,1811-28-5,,,,,,,,,
DB01124,Tolbutamide,64-77-7,5505.0,5505,64-77-7,,,,,,,,,,
DB01125,Anisindione,117-37-3,2197.0,2197,117-37-3,,,,,,,,,,
DB01126,Dutasteride,164656-23-9,6918296.0,6918296,164656-23-9,,,,,,,,,,
DB01127,Econazole,27220-47-9,3198.0,3198,27220-47-9,,,,,,,,,,
DB01128,Bicalutamide,90357-06-5,2375.0,2375,90357-06-5,,,,,,,,,,
DB01129,Rabeprazole,117976-89-3,5029.0,5029,117976-89-3,,,,,,,,,,
DB01130,Prednicarbate,73771-04-7,6714002.0,6714002,73771-04-7,,,,,,,,,,
DB01131,Proguanil,500-92-5,4923.0,6178111,500-92-5,,,,,,,,,,
DB01132,Pioglitazone,111025-46-8,4829.0,4829,111025-46-8,112529-15-4,1134163-31-7,105390-47-4,,,,,,,
DB01133,Tiludronic acid,89987-06-4,60937.0,60937,89987-06-4,,,,,,,,,,
DB01135,Doxacurium,106791-39-3,5284551.0,60169,133814-18-3,106791-39-3,106819-53-8,,,,,,,,
DB01136,Carvedilol,72956-09-3,2585.0,2585,72956-09-3,,,,,,,,,,
DB01137,Levofloxacin,100986-85-4,149096.0,149096,100986-85-4,,,,,,,,,,
DB01138,Sulfinpyrazone,57-96-5,5342.0,5342,57-96-5,,,,,,,,,,
DB01139,Cefapirin,21593-23-7,30699.0,30699,21593-23-7,24356-60-3,,,,,,,,,
DB01140,Cefadroxil,50370-12-2,47965.0,47965,50370-12-2,66592-87-8,,,,,,,,,
DB01141,Micafungin,235114-32-6,477468.0,477468,235114-32-6,,,,,,,,,,
DB01142,Doxepin,1668-19-5,667468.0,667468,3607-18-9,1668-19-5,,,,,,,,,
DB01143,Amifostine,20537-88-6,2141.0,2141,20537-88-6,,,,,,,,,,
DB01144,Diclofenamide,120-97-8,3038.0,3038,120-97-8,,,,,,,,,,
DB01145,Sulfoxone,144-76-3,5351.0,5351,144-76-3,144-75-2,,,,,,,,,
DB01146,Diphenylpyraline,147-20-6,3103.0,3103,147-20-6,,,,,,,,,,
DB01147,Cloxacillin,61-72-3,6098.0,6098,61-72-3,642-78-4,7081-44-9,,,,,,,,
DB01148,Flavoxate,15301-69-6,3354.0,3354,15301-69-6,,,,,,,,,,
DB01149,Nefazodone,83366-66-9,4449.0,4449,83366-66-9,82752-99-6,,,,,,,,,
DB01150,Cefprozil,92665-29-7,5281006.0,5281006,92676-86-3,92665-29-7,121123-17-9,,,,,,,,
DB01151,Desipramine,50-47-5,2995.0,2995,50-47-5,,,,,,,,,,
DB01152,Candicidin,1403-17-4,,10079874,1403-17-4,39372-30-0,137397-23-0,,,,,,,,
DB01153,Sertaconazole,99592-32-2,65863.0,65863,99592-32-2,,,,,,,,,,
DB01154,Thiamylal,77-27-0,3032285.0,3032285,77-27-0,,,,,,,,,,
DB01155,Gemifloxacin,175463-14-6,9571107.0,9571107,175463-14-6,,,,,,,,,,
DB01156,Bupropion,34911-55-2,444.0,444,34911-55-2,144445-76-1,144445-75-0,34841-39-9,,,,,,,
DB01157,Trimetrexate,52128-35-5,5583.0,5583,52128-35-5,,,,,,,,,,
DB01158,Bretylium,59-41-6,2431.0,2431,59-41-6,,,,,,,,,,
DB01159,Halothane,151-67-7,3562.0,3562,151-67-7,,,,,,,,,,
DB01160,Dinoprost tromethamine,38562-01-5,5282415.0,5282415,38562-01-5,,,,,,,,,,
DB01161,Chloroprocaine,133-16-4,8612.0,8612,133-16-4,,,,,,,,,,
DB01162,Terazosin,63590-64-7,5401.0,5401,63590-64-7,141269-44-5,141269-45-6,,,,,,,,
DB01164,Calcium chloride,10043-52-4,5284359.0,5284359,10043-52-4,14639-81-7,,,,,,,,,
DB01165,Ofloxacin,82419-36-1,4583.0,4583,82419-36-1,83380-47-6,,,,,,,,,
DB01166,Cilostazol,73963-72-1,2754.0,2754,73963-72-1,,,,,,,,,,
DB01167,Itraconazole,84625-61-6,55283.0,55283,84625-61-6,84604-65-9,,,,,,,,,
DB01168,Procarbazine,671-16-9,4915.0,4915,671-16-9,366-70-1,,,,,,,,,
DB01169,Arsenic trioxide,1327-53-3,261004.0,261004,1327-53-3,,,,,,,,,,
DB01170,Guanethidine,55-65-2,3518.0,3518,55-65-2,645-43-2,,,,,,,,,
DB01171,Moclobemide,71320-77-9,4235.0,4235,71320-77-9,,,,,,,,,,
DB01172,Kanamycin,59-01-8,6032.0,6032,59-01-8,8063-07-8,,,,,,,,,
DB01173,Orphenadrine,83-98-7,4601.0,4601,83-98-7,,,,,,,,,,
DB01174,Phenobarbital,50-06-6,4763.0,4763,50-06-6,,,,,,,,,,
DB01175,Escitalopram,128196-01-0,146570.0,146570,128196-01-0,,,,,,,,,,
DB01176,Cyclizine,82-92-8,6726.0,6726,82-92-8,,,,,,,,,,
DB01177,Idarubicin,58957-92-9,42890.0,42890,58957-92-9,,,,,,,,,,
DB01178,Chlormezanone,80-77-3,2717.0,2717,80-77-3,102818-66-6,102818-67-7,,,,,,,,
DB01179,Podofilox,518-28-5,10607.0,10607,518-28-5,477-47-4,,,,,,,,,
DB01180,Rescinnamine,24815-24-5,32681.0,32681,24815-24-5,,,,,,,,,,
DB01181,Ifosfamide,3778-73-2,3690.0,3690,3778-73-2,,,,,,,,,,
DB01182,Propafenone,54063-53-5,4932.0,4932,54063-53-5,107300-59-4,107381-31-7,,,,,,,,
DB01183,Naloxone,465-65-6,5284596.0,5284596,465-65-6,,,,,,,,,,
DB01184,Domperidone,57808-66-9,3151.0,3151,57808-66-9,,,,,,,,,,
DB01185,Fluoxymesterone,76-43-7,6446.0,6446,76-43-7,,,,,,,,,,
DB01186,Pergolide,66104-22-1,47811.0,47811,66104-22-1,,,,,,,,,,
DB01187,Iophendylate,99-79-6,3037234.0,3037234,1320-11-2,99-79-6,,,,,,,,,
DB01188,Ciclopirox,29342-05-0,2749.0,2749,29342-05-0,,,,,,,,,,
DB01189,Desflurane,57041-67-5,42113.0,42113,57041-67-5,,,,,,,,,,
DB01190,Clindamycin,18323-44-9,446598.0,29029,18323-44-9,,,,,,,,,,
DB01191,Dexfenfluramine,3239-44-9,66265.0,66265,3239-44-9,,,,,,,,,,
DB01192,Oxymorphone,76-41-5,5284604.0,5284604,76-41-5,,,,,,,,,,
DB01193,Acebutolol,37517-30-9,1978.0,1978,37517-30-9,,,,,,,,,,
DB01194,Brinzolamide,138890-62-7,68844.0,68844,138890-62-7,,,,,,,,,,
DB01195,Flecainide,54143-55-4,3356.0,3356,54143-55-4,,,,,,,,,,
DB01196,Estramustine,2998-57-4,259331.0,259331,2998-57-4,,,,,,,,,,
DB01197,Captopril,62571-86-2,44093.0,44093,62571-86-2,,,,,,,,,,
DB01198,Zopiclone,43200-80-2,5735.0,5735,43200-80-2,,,,,,,,,,
DB01199,Tubocurarine,57-95-4,6000.0,6000,57-95-4,57-94-3,6989-98-6,,,,,,,,
DB01200,Bromocriptine,25614-03-3,31101.0,31101,25614-03-3,,,,,,,,,,
DB01201,Rifapentine,61379-65-5,6323497.0,135403821,61379-65-5,,,,,,,,,,
DB01202,Levetiracetam,102767-28-2,5284583.0,5284583,102767-28-2,,,,,,,,,,
DB01203,Nadolol,42200-33-9,39147.0,39147,42200-33-9,220045-89-6,,,,,,,,,
DB01204,Mitoxantrone,65271-80-9,4212.0,4212,65271-80-9,70476-82-3,,,,,,,,,
DB01205,Flumazenil,78755-81-4,3373.0,3373,78755-81-4,,,,,,,,,,
DB01206,Lomustine,13010-47-4,3950.0,3950,13010-47-4,,,,,,,,,,
DB01208,Sparfloxacin,110871-86-8,60464.0,60464,110871-86-8,111542-93-9,,,,,,,,,
DB01209,Dezocine,53648-55-8,3033053.0,3033053,53648-55-8,,,,,,,,,,
DB01210,Levobunolol,47141-42-4,39468.0,39468,47141-42-4,,,,,,,,,,
DB01211,Clarithromycin,81103-11-9,84029.0,84029,81103-11-9,,,,,,,,,,
DB01212,Ceftriaxone,73384-59-5,5479530.0,5479530,73384-59-5,74578-69-1,104376-79-6,,,,,,,,
DB01213,Fomepizole,7554-65-6,3406.0,3406,7554-65-6,,,,,,,,,,
DB01214,Metipranolol,22664-55-7,31477.0,31477,22664-55-7,,,,,,,,,,
DB01215,Estazolam,29975-16-4,3261.0,3261,29975-16-4,,,,,,,,,,
DB01216,Finasteride,98319-26-7,57363.0,57363,98319-26-7,,,,,,,,,,
DB01217,Anastrozole,120511-73-1,2187.0,2187,120511-73-1,,,,,,,,,,
DB01218,Halofantrine,69756-53-2,37393.0,37393,69756-53-2,66051-76-1,66051-74-9,,,,,,,,
DB01219,Dantrolene,7261-97-4,6914273.0,6914273,7261-97-4,,,,,,,,,,
DB01220,Rifaximin,80621-81-4,6436173.0,6436173,80621-81-4,,,,,,,,,,
DB01221,Ketamine,6740-88-1,3821.0,3821,6740-88-1,,,,,,,,,,
DB01222,Budesonide,51333-22-3,5281004.0,5281004,51333-22-3,51372-29-3,,,,,,,,,
DB01223,Aminophylline,317-34-0,9433.0,9433,317-34-0,95646-60-9,,,,,,,,,
DB01224,Quetiapine,111974-69-7,5002.0,5002,111974-69-7,,,,,,,,,,
DB01226,Mivacurium,133814-19-4,5281042.0,5281042,133814-19-4,106791-40-6,106861-44-3,,,,,,,,
DB01227,Levacetylmethadol,1477-40-3,15130.0,15130,1477-40-3,,,,,,,,,,
DB01228,Encainide,66778-36-7,48041.0,48041,66778-36-7,37612-13-8,,,,,,,,,
DB01229,Paclitaxel,33069-62-4,36314.0,36314,33069-62-4,,,,,,,,,,
DB01230,Pemoline,2152-34-3,4723.0,4723,2152-34-3,,,,,,,,,,
DB01231,Diphenidol,972-02-1,3055.0,3055,972-02-1,,,,,,,,,,
DB01232,Saquinavir,127779-20-8,441243.0,441243,127779-20-8,,,,,,,,,,
DB01233,Metoclopramide,364-62-5,4168.0,4168,364-62-5,,,,,,,,,,
DB01234,Dexamethasone,50-02-2,5743.0,5743,50-02-2,23495-06-9,,,,,,,,,
DB01235,Levodopa,59-92-7,6047.0,6047,59-92-7,,,,,,,,,,
DB01236,Sevoflurane,28523-86-6,5206.0,5206,28523-86-6,,,,,,,,,,
DB01237,Bromodiphenhydramine,118-23-0,2444.0,2444,118-23-0,1808-12-4,,,,,,,,,
DB01238,Aripiprazole,129722-12-9,60795.0,60795,129722-12-9,,,,,,,,,,
DB01239,Chlorprothixene,113-59-7,667466.0,667467,113-59-7,,,,,,,,,,
DB01240,Epoprostenol,35121-78-9,5280427.0,5282411,35121-78-9,,,,,,,,,,
DB01241,Gemfibrozil,25812-30-0,3463.0,3463,25812-30-0,,,,,,,,,,
DB01242,Clomipramine,303-49-1,2801.0,2801,303-49-1,,,,,,,,,,
DB01243,Chloroxine,773-76-2,2722.0,2722,773-76-2,,,,,,,,,,
DB01244,Bepridil,64706-54-3,2351.0,2351,64706-54-3,,,,,,,,,,
DB01245,Decamethonium,156-74-1,2968.0,2968,156-74-1,,,,,,,,,,
DB01246,Alimemazine,84-96-8,5574.0,5574,84-96-8,,,,,,,,,,
DB01247,Isocarboxazid,59-63-2,3759.0,3759,59-63-2,,,,,,,,,,
DB01248,Docetaxel,114977-28-5,148124.0,148124,114977-28-5,148408-66-6,,,,,,,,,
DB01249,Iodixanol,92339-11-2,3724.0,3724,92339-11-2,,,,,,,,,,
DB01250,Olsalazine,15722-48-2,6003770.0,22419,15722-48-2,,,,,,,,,,
DB01251,Gliquidone,33342-05-1,91610.0,91610,33342-05-1,,,,,,,,,,
DB01253,Ergometrine,60-79-7,443884.0,443884,60-79-7,,,,,,,,,,
DB01254,Dasatinib,302962-49-8,3062316.0,3062316,302962-49-8,863127-77-9,,,,,,,,,
DB01255,Lisdexamfetamine,608137-32-2,11597698.0,11597698,608137-32-2,,,,,,,,,,
DB01256,Retapamulin,224452-66-8,6918462.0,6918462,224452-66-8,,,,,,,,,,
DB01259,Lapatinib,231277-92-2,208908.0,208908,231277-92-2,388082-78-8,913989-15-8,,,,,,,,
DB01260,Desonide,638-94-8,5311066.0,5311066,638-94-8,,,,,,,,,,
DB01261,Sitagliptin,486460-32-6,4369359.0,4369359,486460-32-6,,,,,,,,,,
DB01262,Decitabine,2353-33-5,451668.0,451668,2353-33-5,,,,,,,,,,
DB01263,Posaconazole,171228-49-2,468595.0,468595,171228-49-2,,,,,,,,,,
DB01264,Darunavir,206361-99-1,213039.0,213039,206361-99-1,,,,,,,,,,
DB01265,Telbivudine,3424-98-4,159269.0,159269,3424-98-4,,,,,,,,,,
DB01267,Paliperidone,144598-75-4,115237.0,115237,144598-75-4,,,,,,,,,,
DB01268,Sunitinib,557795-19-4,5329102.0,5329102,557795-19-4,,,,,,,,,,
DB01273,Varenicline,249296-44-4,5310966.0,170361,249296-44-4,,,,,,,,,,
DB01274,Arformoterol,67346-49-0,3083544.0,3083544,67346-49-0,43229-80-7,73573-87-2,183814-30-4,,,,,,,
DB01275,Hydralazine,86-54-4,3637.0,3637,86-54-4,,,,,,,,,,
DB01278,Pramlintide,151126-32-8,,137699448,151126-32-8,,,,,,,,,,
DB01280,Nelarabine,121032-29-9,3011155.0,3011155,121032-29-9,,,,,,,,,,
DB01282,Carbetocin,37025-55-1,16681432.0,16681432,37025-55-1,,,,,,,,,,
DB01283,Lumiracoxib,220991-20-8,151166.0,151166,220991-20-8,,,,,,,,,,
DB01284,Tetracosactide,16960-16-0,16133751.0,16133751,16960-16-0,,,,,,,,,,
DB01288,Fenoterol,13392-18-2,3343.0,3343,13392-18-2,,,,,,,,,,
DB01291,Pirbuterol,38677-81-5,4845.0,4845,38677-81-5,38029-10-6,,,,,,,,,
DB01294,Bismuth subsalicylate,14882-18-9,16682734.0,16682734,14882-18-9,,,,,,,,,,
DB01296,Glucosamine,3416-24-8,439213.0,439213,3416-24-8,,,,,,,,,,
DB01297,Practolol,6673-35-4,4883.0,4883,6673-35-4,,,,,,,,,,
DB01298,Sulfacytine,17784-12-2,5322.0,5322,17784-12-2,1401-49-6,,,,,,,,,
DB01299,Sulfadoxine,2447-57-6,17134.0,17134,2447-57-6,,,,,,,,,,
DB01301,Rolitetracycline,751-97-3,54682938.0,54682938,751-97-3,,,,,,,,,,
DB01303,Oxtriphylline,4499-40-5,656652.0,656652,4499-40-5,,,,,,,,,,
DB01319,Fosamprenavir,226700-79-4,131536.0,131536,226700-79-4,226700-81-8,,,,,,,,,
DB01320,Fosphenytoin,93390-81-9,56339.0,56339,93390-81-9,,,,,,,,,,
DB01322,Kava,9000-38-8,5281052.0,5281052,9000-38-8,,,,,,,,,,
DB01324,Polythiazide,346-18-9,4870.0,4870,346-18-9,96783-10-7,,,,,,,,,
DB01325,Quinethazone,73-49-4,6307.0,6307,73-49-4,,,,,,,,,,
DB01326,Cefamandole,34444-01-4,456255.0,456255,34444-01-4,30034-03-8,,,,,,,,,
DB01327,Cefazolin,25953-19-9,33255.0,33255,25953-19-9,27164-46-1,115850-11-8,,,,,,,,
DB01328,Cefonicid,61270-58-4,43594.0,43594,61270-58-4,,,,,,,,,,
DB01329,Cefoperazone,62893-19-0,44185.0,44187,62893-19-0,62893-20-3,113826-44-1,,,,,,,,
DB01330,Cefotetan,69712-56-7,53025.0,53025,69712-56-7,,,,,,,,,,
DB01331,Cefoxitin,35607-66-0,441199.0,441199,35607-66-0,,,,,,,,,,
DB01332,Ceftizoxime,68401-81-0,6533629.0,6533629,68401-81-0,,,,,,,,,,
DB01333,Cefradine,38821-53-3,38103.0,38103,38821-53-3,,,,,,,,,,
DB01336,Metocurine,5152-30-7,21233.0,21233,5152-30-7,,,,,,,,,,
DB01337,Pancuronium,16974-53-1,441289.0,441289,16974-53-1,15500-66-0,,,,,,,,,
DB01338,Pipecuronium,68399-58-6,50192.0,50192,68399-58-6,,,,,,,,,,
DB01339,Vecuronium,86029-43-8,39765.0,39765,86029-43-8,50700-72-6,,,,,,,,,
DB01340,Cilazapril,88768-40-5,56330.0,56330,88768-40-5,92077-78-6,,,,,,,,,
DB01345,Potassium cation,24203-36-9,5462222.0,813,24203-36-9,7440-09-7,,,,,,,,,
DB01346,Quinidine barbiturate,,53461739.0,53461739,,,,,,,,,,,
DB01348,Spirapril,83647-97-6,5311447.0,5311447,83647-97-6,,,,,,,,,,
DB01351,Amobarbital,57-43-2,2164.0,2164,57-43-2,,,,,,,,,,
DB01353,Butobarbital,77-28-1,6473.0,6473,77-28-1,,,,,,,,,,
DB01357,Mestranol,72-33-3,6291.0,6291,72-33-3,,,,,,,,,,
DB01359,Penbutolol,38363-40-5,37464.0,37464,38363-40-5,36507-48-9,38363-32-5,,,,,,,,
DB01362,Iohexol,66108-95-0,3730.0,3730,66108-95-0,,,,,,,,,,
DB01364,Ephedrine,299-42-3,9294.0,9294,299-42-3,,,,,,,,,,
DB01365,Mephentermine,100-92-5,3677.0,3677,100-92-5,,,,,,,,,,
DB01366,Procaterol,72332-33-3,688561.0,688561,72332-33-3,,,,,,,,,,
DB01367,Rasagiline,136236-51-6,3052776.0,3052776,136236-51-6,,,,,,,,,,
DB01369,Quinupristin,120138-50-3,5388937.0,5388937,120138-50-3,,,,,,,,,,
DB01370,Aluminium,7429-90-5,5359268.0,5359268,7429-90-5,91728-14-2,,,,,,,,,
DB01377,Magnesium oxide,1309-48-4,14792.0,6850729,1309-48-4,,,,,,,,,,
DB01378,Magnesium cation,22537-22-0,888.0,888,22537-22-0,7439-95-4,,,,,,,,,
DB01380,Cortisone acetate,50-04-4,5745.0,5745,50-04-4,,,,,,,,,,
DB01382,Glymidine,339-44-6,9565.0,9565,339-44-6,,,,,,,,,,
DB01390,Sodium bicarbonate,144-55-8,516892.0,516892,144-55-8,,,,,,,,,,
DB01392,Yohimbine,146-48-5,8969.0,8969,146-48-5,,,,,,,,,,
DB01393,Bezafibrate,41859-67-0,39042.0,39042,41859-67-0,,,,,,,,,,
DB01394,Colchicine,64-86-8,2833.0,2833,64-86-8,54192-66-4,75520-89-7,209810-38-8,,,,,,,
DB01395,Drospirenone,67392-87-4,68873.0,68873,67392-87-4,,,,,,,,,,
DB01396,Digitoxin,71-63-6,441207.0,441207,71-63-6,,,,,,,,,,
DB01399,Salsalate,552-94-3,5161.0,5161,552-94-3,,,,,,,,,,
DB01400,Neostigmine,59-99-4,4456.0,4456,59-99-4,,,,,,,,,,
DB01401,Choline magnesium trisalicylate,64425-90-7,54682045.0,54682045,85169-11-5,64425-90-7,,,,,,,,,
DB01403,Methotrimeprazine,60-99-1,72287.0,72287,60-99-1,7104-38-3,,,,,,,,,
DB01406,Danazol,17230-88-5,28417.0,28417,17230-88-5,,,,,,,,,,
DB01407,Clenbuterol,37148-27-9,2783.0,2783,37148-27-9,,,,,,,,,,
DB01409,Tiotropium,186691-13-4,5487427.0,5487427,186691-13-4,,,,,,,,,,
DB01410,Ciclesonide,126544-47-6,6918155.0,6918155,126544-47-6,141845-82-1,,,,,,,,,
DB01413,Cefepime,88040-23-7,5479537.0,5479537,88040-23-7,,,,,,,,,,
DB01415,Ceftibuten,97519-39-6,5282242.0,5282242,97519-39-6,,,,,,,,,,
DB01416,Cefpodoxime,80210-62-4,6335986.0,6335986,80210-62-4,82619-04-3,,,,,,,,,
DB01418,Acenocoumarol,152-72-7,54676537.0,54676537,152-72-7,,,,,,,,,,
DB01419,Antrafenine,55300-29-3,68723.0,68723,55300-29-3,55300-30-6,,,,,,,,,
DB01420,Testosterone propionate,57-85-2,5995.0,5995,57-85-2,,,,,,,,,,
DB01421,Paromomycin,7542-37-2,165580.0,165580,7542-37-2,1263-89-4,,,,,,,,,
DB01424,Aminophenazone,58-15-1,6009.0,6009,58-15-1,83-07-8,,,,,,,,,
DB01426,Ajmaline,4360-12-7,441080.0,441080,4360-12-7,,,,,,,,,,
DB01427,Amrinone,60719-84-8,3698.0,3698,60719-84-8,,,,,,,,,,
DB01428,Oxybenzone,131-57-7,4632.0,4632,131-57-7,,,,,,,,,,
DB01430,Almitrine,27469-53-0,33887.0,33887,27469-53-0,,,,,,,,,,
DB01435,Antipyrine,60-80-0,2206.0,2206,60-80-0,,,,,,,,,,
DB01436,Alfacalcidol,41294-56-8,5282181.0,5282181,41294-56-8,,,,,,,,,,
DB01437,Glutethimide,77-21-4,3487.0,3487,77-21-4,,,,,,,,,,
DB01438,Phenazopyridine,94-78-0,4756.0,4756,94-78-0,,,,,,,,,,
DB01440,gamma-Hydroxybutyric acid,591-81-1,3037032.0,10413,591-81-1,52352-27-9,502-85-2,,,,,,,,
DB01452,Diamorphine,561-27-3,5462328.0,5462328,561-27-3,,,,,,,,,,
DB01495,Dichloralphenazone,480-30-8,10188.0,10188,480-30-8,,,,,,,,,,
DB01501,Difenoxin,28782-42-5,34328.0,34328,28782-42-5,,,,,,,,,,
DB01544,Flunitrazepam,1622-62-4,3380.0,3380,1622-62-4,,,,,,,,,,
DB01551,Dihydrocodeine,125-28-0,5284543.0,5284543,125-28-0,,,,,,,,,,
DB01558,Bromazepam,1812-30-2,2441.0,2441,1812-30-2,,,,,,,,,,
DB01559,Clotiazepam,33671-46-4,2811.0,2811,33671-46-4,,,,,,,,,,
DB01563,Chloral hydrate,302-17-0,2707.0,2707,302-17-0,,,,,,,,,,
DB01574,Attapulgite,12174-11-7,73415752.0,73415752,12174-11-7,,,,,,,,,,
DB01575,Kaolin,1332-58-7,92024769.0,92024769,1332-58-7,,,,,,,,,,
DB01576,Dextroamphetamine,51-64-9,5826.0,5826,51-64-9,,,,,,,,,,
DB01577,Metamfetamine,537-46-2,10836.0,10836,537-46-2,,,,,,,,,,
DB01579,Phendimetrazine,634-03-7,30487.0,30487,634-03-7,,,,,,,,,,
DB01580,Oxprenolol,6452-71-7,4631.0,4631,6452-71-7,22972-96-9,22972-97-0,,,,,,,,
DB01581,Sulfamerazine,127-79-7,5325.0,5325,127-79-7,,,,,,,,,,
DB01582,Sulfamethazine,57-68-1,5327.0,5327,57-68-1,,,,,,,,,,
DB01583,Liotrix,8065-29-0,71371.0,71371,8065-29-0,,,,,,,,,,
DB01586,Ursodeoxycholic acid,128-13-2,31401.0,31401,128-13-2,,,,,,,,,,
DB01587,Ketazolam,27223-35-4,33746.0,33746,27223-35-4,106938-99-2,106939-00-8,,,,,,,,
DB01588,Prazepam,2955-38-6,4890.0,4890,2955-38-6,,,,,,,,,,
DB01589,Quazepam,36735-22-5,4999.0,4999,36735-22-5,,,,,,,,,,
DB01590,Everolimus,159351-69-6,6442177.0,6442177,159351-69-6,,,,,,,,,,
DB01591,Solifenacin,242478-37-1,154059.0,154059,242478-37-1,,,,,,,,,,
DB01592,Iron,7439-89-6,23925.0,23925,7439-89-6,33485-98-2,8048-10-0,12597-68-1,14067-02-8,8053-60-9,,,,,
DB01593,Zinc,7440-66-6,23994.0,23994,7440-66-6,14018-82-7,15176-26-8,19229-95-9,,,,,,,
DB01595,Nitrazepam,146-22-5,4506.0,4506,146-22-5,,,,,,,,,,
DB01597,Cilastatin,82009-34-5,6435415.0,6435415,82009-34-5,81129-83-1,,,,,,,,,
DB01598,Imipenem,64221-86-9,104838.0,104838,64221-86-9,74431-23-5,,,,,,,,,
DB01599,Probucol,23288-49-5,4912.0,4912,23288-49-5,,,,,,,,,,
DB01600,Tiaprofenic acid,33005-95-7,5468.0,5468,33005-95-7,,,,,,,,,,
DB01601,Lopinavir,192725-17-0,92727.0,92727,192725-17-0,,,,,,,,,,
DB01602,Bacampicillin,50972-17-3,441397.0,441397,50972-17-3,,,,,,,,,,
DB01603,Meticillin,61-32-5,6087.0,6087,61-32-5,,,,,,,,,,
DB01604,Pivampicillin,33817-20-8,33478.0,33478,33817-20-8,,,,,,,,,,
DB01605,Pivmecillinam,32886-97-8,115163.0,115163,32886-97-8,,,,,,,,,,
DB01606,Tazobactam,89786-04-9,123630.0,123630,89786-04-9,,,,,,,,,,
DB01607,Ticarcillin,34787-01-4,36921.0,36921,34787-01-4,4697-14-7,29457-07-6,,,,,,,,
DB01608,Periciazine,2622-26-6,4747.0,4747,2622-26-6,,,,,,,,,,
DB01609,Deferasirox,201530-41-8,5493381.0,214348,201530-41-8,,,,,,,,,,
DB01610,Valganciclovir,175865-60-8,64147.0,135413535,175865-60-8,,,,,,,,,,
DB01611,Hydroxychloroquine,118-42-3,3652.0,3652,118-42-3,,,,,,,,,,
DB01612,Amyl Nitrite,8017-89-8,10026.0,10026,463-04-7,8017-89-8,,,,,,,,,
DB01613,Erythrityl tetranitrate,7297-25-8,5284553.0,5284553,7297-25-8,,,,,,,,,,
DB01616,Alverine,150-59-4,3678.0,3678,150-59-4,,,,,,,,,,
DB01618,Molindone,7416-34-4,23897.0,23897,7416-34-4,,,,,,,,,,
DB01619,Phenindamine,82-88-2,11291.0,11291,82-88-2,5503-08-2,,,,,,,,,
DB01620,Pheniramine,86-21-5,4761.0,4761,86-21-5,,,,,,,,,,
DB01621,Pipotiazine,39860-99-6,62867.0,62867,39860-99-6,,,,,,,,,,
DB01623,Thiothixene,3313-26-6,941651.0,941651,3313-26-6,5591-45-7,22189-31-7,49746-04-5,,,,,,,
DB01624,Zuclopenthixol,53772-83-1,5311507.0,5311507,53772-83-1,982-24-1,58045-23-1,,,,,,,,
DB01625,Isopropamide,7492-32-2,3775.0,3775,7492-32-2,24353-18-2,71-81-8,,,,,,,,
DB01626,Pargyline,555-57-7,4688.0,4688,555-57-7,,,,,,,,,,
DB01627,Lincomycin,154-21-2,3000540.0,3000540,154-21-2,,,,,,,,,,
DB01628,Etoricoxib,202409-33-4,123619.0,123619,202409-33-4,,,,,,,,,,
DB01632,5-O-phosphono-alpha-D-ribofuranosyl diphosphate,13270-65-0,7339.0,7339,7540-64-9,97-55-2,13270-65-0,,,,,,,,
DB01638,Sorbitol,50-70-4,5780.0,5780,50-70-4,69-65-8,,,,,,,,,
DB01656,Roflumilast,162401-32-3,449193.0,449193,162401-32-3,,,,,,,,,,
DB01698,Rutin,153-18-4,5280805.0,5280805,153-18-4,1340-08-5,,,,,,,,,
DB01708,Prasterone,53-43-0,5881.0,5881,53-43-0,,,,,,,,,,
DB01718,Cetrimonium,6899-10-1,2681.0,2681,6899-10-1,,,,,,,,,,
DB01744,Camphor,464-49-3,159055.0,159055,464-49-3,21368-68-3,,,,,,,,,
DB01764,Dalfopristin,112362-50-2,6323289.0,6323289,112362-50-2,,,,,,,,,,
DB01783,Pantothenic acid,79-83-4,988.0,6613,79-83-4,,,,,,,,,,
DB01839,Propylene glycol,57-55-6,1030.0,1030,57-55-6,25322-68-3,63625-56-9,,,,,,,,
DB01914,D-glucose,50-99-7,107526.0,107526,50-99-7,815-92-9,19030-38-7,25191-16-6,28823-03-2,58367-01-4,,,,,
DB01956,Taurine,107-35-7,1123.0,1123,107-35-7,,,,,,,,,,
DB01987,Cocarboxylase,136-08-3,5431.0,5431,136-09-4,136-08-3,154-87-0,,,,,,,,
DB02266,Flufenamic acid,530-78-9,3371.0,3371,530-78-9,,,,,,,,,,
DB02300,Calcipotriol,112965-21-6,5288783.0,5288783,112965-21-6,,,,,,,,,,
DB02325,Isopropyl alcohol,67-63-0,3776.0,3776,67-63-0,,,,,,,,,,
DB02362,Aminobenzoic acid,150-13-0,978.0,978,150-13-0,,,,,,,,,,
DB02513,Thymol,89-83-8,6989.0,6989,89-83-8,,,,,,,,,,
DB02530,gamma-Aminobutyric acid,56-12-2,119.0,119,56-12-2,,,,,,,,,,
DB02546,Vorinostat,149647-78-9,5311.0,5311,149647-78-9,,,,,,,,,,
DB02638,Terlipressin,14636-12-5,72081.0,72081,14636-12-5,,,,,,,,,,
DB02659,Cholic Acid,81-25-4,221493.0,221493,81-25-4,361-09-1,,,,,,,,,
DB02701,Nicotinamide,98-92-0,936.0,936,98-92-0,11032-50-1,,,,,,,,,
DB02703,Fusidic acid,6990-06-3,3000226.0,3000226,6990-06-3,,,,,,,,,,
DB02772,Sucrose,57-50-1,5988.0,5988,57-50-1,92004-84-7,,,,,,,,,
DB02789,Pregnenolone,145-13-1,8955.0,8955,145-13-1,,,,,,,,,,
DB02893,D-Methionine,348-67-4,84815.0,84815,348-67-4,,,,,,,,,,
DB02959,Oxitriptan,4350-09-8,439280.0,439280,4350-09-8,,,,,,,,,,
DB03017,Lauric acid,143-07-7,3893.0,3893,143-07-7,203714-07-2,7632-48-6,8000-62-2,,,,,,,
DB03085,Glycolic acid,79-14-1,757.0,757,79-14-1,26124-68-5,,,,,,,,,
DB03088,Pidolic acid,98-79-3,7405.0,7405,98-79-3,,,,,,,,,,
DB03128,Acetylcholine,51-84-3,187.0,187,51-84-3,14047-05-3,,,,,,,,,
DB03147,Flavin adenine dinucleotide,146-14-5,643975.0,643975,146-14-5,,,,,,,,,,
DB03166,Acetic acid,64-19-7,176.0,176,64-19-7,8030-97-5,68475-71-8,99149-56-1,119510-26-8,77671-22-8,,,,,
DB03175,Propyl alcohol,71-23-8,1031.0,1031,71-23-8,62309-51-7,142583-61-7,,,,,,,,
DB03193,Stearic acid,57-11-4,5281.0,5281,57-11-4,68937-76-8,,,,,,,,,
DB03209,Oteracil,937-13-3,4604.0,4604,937-13-3,,,,,,,,,,
DB03247,Flavin mononucleotide,146-17-8,643976.0,643976,146-17-8,,,,,,,,,,
DB03255,Phenol,108-95-2,996.0,996,108-95-2,27073-41-2,61788-41-8,63496-48-0,73607-76-8,,,,,,
DB03310,Glutathione disulfide,27025-41-8,65359.0,65359,27025-41-8,,,,,,,,,,
DB03312,Brivudine,69304-47-8,446727.0,446727,69304-47-8,,,,,,,,,,
DB03585,Oxyphenbutazone,129-20-4,4641.0,4641,129-20-4,7081-38-1,,,,,,,,,
DB03614,Mecobalamin,13422-55-4,71306319.0,71306319,13422-55-4,,,,,,,,,,
DB03615,Ribostamycin,25546-65-0,33042.0,33042,25546-65-0,,,,,,,,,,
DB03619,Deoxycholic acid,83-44-3,222528.0,222528,83-44-3,115349-14-9,,,,,,,,,
DB03754,Tromethamine,77-86-1,6503.0,6503,77-86-1,,,,,,,,,,
DB03756,Doconexent,6217-54-5,445580.0,445580,6217-54-5,2091-24-9,,,,,,,,,
DB03766,Propanoic acid,79-09-4,1032.0,1032,79-09-4,68937-68-8,68990-37-4,,,,,,,,
DB03793,Benzoic acid,65-85-0,243.0,243,65-85-0,,,,,,,,,,
DB03796,Palmitic Acid,57-10-3,985.0,985,57-10-3,67701-02-4,,,,,,,,,
DB03808,Hexamidine,3811-75-4,65130.0,65130,3811-75-4,,,,,,,,,,
DB03843,Formaldehyde,50-00-0,712.0,712,50-00-0,30525-89-4,9002-81-7,,,,,,,,
DB03904,Urea,57-13-6,1176.0,1176,57-13-6,4744-36-9,37955-36-5,,,,,,,,
DB03929,D-Serine,312-84-5,71077.0,71077,312-84-5,,,,,,,,,,
DB04038,Ergosterol,57-87-4,444679.0,444679,57-87-4,,,,,,,,,,
DB04115,Berberine,2086-83-1,2353.0,2353,2086-83-1,,,,,,,,,,
DB04160,Pyrophosphoric acid,2466-09-3,1023.0,1023,2466-09-3,33943-49-6,14000-31-8,,,,,,,,
DB04173,Fructose,,439553.0,439553,41579-20-8,,,,,,,,,,
DB04209,Dequalinium,6707-58-0,2993.0,2993,6707-58-0,,,,,,,,,,
DB04221,Didecyldimethylammonium,20256-56-8,16958.0,16958,20256-56-8,,,,,,,,,,
DB04224,Oleic Acid,112-80-1,637517.0,637517,112-79-8,2027-47-6,112-80-1,,,,,,,,
DB04272,Citric acid,77-92-9,311.0,311,77-92-9,,,,,,,,,,
DB04339,Carbocisteine,638-23-3,193653.0,193653,638-23-3,29433-95-2,,,,,,,,,
DB04348,Taurocholic acid,81-24-3,6675.0,6675,81-24-3,,,,,,,,,,
DB04398,Lactic acid,50-21-5,612.0,612,50-21-5,26100-51-6,26811-96-1,598-82-3,31587-11-8,,,,,,
DB04465,Lactose,63-42-3,440995.0,440995,63-42-3,,,,,,,,,,
DB04540,Cholesterol,57-88-5,5997.0,5997,57-88-5,22243-67-0,108598-46-5,,,,,,,,
DB04564,Gluconolactone,90-80-2,7027.0,7027,90-80-2,,,,,,,,,,
DB04570,Latamoxef,64952-97-2,47499.0,47499,64952-97-2,79120-38-0,,,,,,,,,
DB04571,Trioxsalen,3902-71-4,5585.0,5585,3902-71-4,,,,,,,,,,
DB04572,Thiotepa,52-24-4,5453.0,5453,52-24-4,,,,,,,,,,
DB04573,Estriol,50-27-1,5756.0,5756,50-27-1,,,,,,,,,,
DB04574,Estrone sulfate,481-97-0,3001028.0,3001028,481-97-0,438-67-5,12126-59-9,,,,,,,,
DB04575,Quinestrol,152-43-2,9046.0,9046,152-43-2,,,,,,,,,,
DB04657,Carboxin,5234-68-4,21307.0,21307,5234-68-4,,,,,,,,,,
DB04703,Hesperidin,520-26-3,10621.0,10621,520-26-3,,,,,,,,,,
DB04711,Iodipamide,606-17-7,3739.0,3739,606-17-7,,,,,,,,,,
DB04743,Nimesulide,51803-78-2,4495.0,4495,51803-78-2,,,,,,,,,,
DB04794,Bifonazole,60628-96-8,2378.0,2378,60628-96-8,,,,,,,,,,
DB04812,Benoxaprofen,51234-28-7,39941.0,39941,51234-28-7,,,,,,,,,,
DB04813,Bithionol,97-18-7,2406.0,2406,97-18-7,,,,,,,,,,
DB04815,Clioquinol,130-26-7,2788.0,2788,130-26-7,,,,,,,,,,
DB04816,Dantron,117-10-2,2950.0,2950,117-10-2,,,,,,,,,,
DB04817,Metamizole,50567-35-6,522325.0,3111,50567-35-6,,,,,,,,,,
DB04820,Nialamide,51-12-7,4472.0,4472,51-12-7,,,,,,,,,,
DB04821,Nomifensine,24526-64-5,4528.0,4528,24526-64-5,,,,,,,,,,
DB04822,Oxeladin,468-61-1,4619.0,4619,468-61-1,,,,,,,,,,
DB04824,Phenolphthalein,77-09-8,4764.0,4764,77-09-85768-87-6,77-09-8,,,,,,,,,
DB04825,Prenylamine,390-64-7,9801.0,9801,390-64-7,,,,,,,,,,
DB04826,Thenalidine,86-12-4,27901.0,27901,86-12-4,,,,,,,,,,
DB04827,Urethane,51-79-6,5641.0,5641,51-79-6,26680-22-8,,,,,,,,,
DB04832,Zimelidine,56775-88-3,41987.0,5365247,56775-88-3,,,,,,,,,,
DB04834,Rapacuronium,465499-11-0,5311399.0,5311399,465499-11-0,,,,,,,,,,
DB04835,Maraviroc,376348-65-1,3002977.0,3002977,376348-65-1,,,,,,,,,,
DB04837,Clofedanol,791-35-5,2795.0,2795,791-35-5,,,,,,,,,,
DB04838,Cyclandelate,456-59-7,2893.0,2893,456-59-7,,,,,,,,,,
DB04839,Cyproterone acetate,427-51-0,9880.0,9880,427-51-0,,,,,,,,,,
DB04840,Debrisoquine,1131-64-2,2966.0,2966,1131-64-2,,,,,,,,,,
DB04841,Flunarizine,52468-60-7,941361.0,941361,52468-60-7,40218-96-0,,,,,,,,,
DB04842,Fluspirilene,1841-19-6,3396.0,3396,1841-19-6,,,,,,,,,,
DB04843,Mepenzolate,25990-43-6,4057.0,4057,25990-43-6,,,,,,,,,,
DB04844,Tetrabenazine,58-46-8,6018.0,6018,718635-93-9,58-46-8,2105-47-7,1026016-84-1,,,,,,,
DB04845,Ixabepilone,219989-84-1,6445540.0,6445540,219989-84-1,,,,,,,,,,
DB04846,Celiprolol,56980-93-9,2663.0,2663,56980-93-9,,,,,,,,,,
DB04854,Febuxostat,144060-53-7,134018.0,134018,144060-53-7,,,,,,,,,,
DB04855,Dronedarone,141626-36-0,208898.0,208898,141626-36-0,,,,,,,,,,
DB04861,Nebivolol,118457-14-0,71301.0,71301,99200-09-6,118457-14-0,118457-16-2,,,,,,,,
DB04864,Huperzine A,102518-79-6,854026.0,854026,102518-79-6,,,,,,,,,,
DB04865,Omacetaxine mepesuccinate,26833-87-4,285033.0,285033,26833-87-4,,,,,,,,,,
DB04868,Nilotinib,641571-10-0,644241.0,644241,641571-10-0,,,,,,,,,,
DB04871,Lorcaserin,616202-92-7,11658860.0,11658860,616202-92-7,,,,,,,,,,
DB04876,Vildagliptin,274901-16-5,6918537.0,6918537,274901-16-5,,,,,,,,,,
DB04880,Enoximone,77671-31-9,53708.0,53708,77671-31-9,,,,,,,,,,
DB04890,Bepotastine,125602-71-3,2350.0,2350,125602-71-3,190786-44-8,,,,,,,,,
DB04896,Milnacipran,92623-85-3,65833.0,11622909,136090-84-1,96847-55-1,92623-85-3,,,,,,,,
DB04898,Ximelagatran,192939-46-1,9574101.0,9574101,192939-46-1,,,,,,,,,,
DB04908,Flibanserin,167933-07-5,6918248.0,6918248,167933-07-5,,,,,,,,,,
DB04911,Oritavancin,171099-57-3,16136912.0,16136912,171099-57-3,,,,,,,,,,
DB04918,Ceftobiprole,209467-52-7,12993649.0,135413542,209467-52-7,,,,,,,,,,
DB04920,Clevidipine,167221-71-8,153994.0,153994,167221-71-8,,,,,,,,,,
DB04930,Permethrin,52645-53-1,40326.0,40326,52645-53-1,52341-32-9,52341-33-0,93389-07-2,93793-14-7,,,,,,
DB04931,Afamelanotide,75921-69-6,16197727.0,16197727,75921-69-6,,,,,,,,,,
DB04938,Ospemifene,128607-22-7,3036505.0,3036505,128607-22-7,,,,,,,,,,
DB04946,Iloperidone,133454-47-4,71360.0,71360,133454-47-4,,,,,,,,,,
DB04948,Lofexidine,31036-80-3,30668.0,30668,31036-80-3,,,,,,,,,,
DB04951,Pirfenidone,53179-13-8,40632.0,40632,53179-13-8,,,,,,,,,,
DB04953,Ezogabine,150812-12-7,121892.0,121892,150812-12-7,,,,,,,,,,
DB05013,Ingenol mebutate,75567-37-2,6918670.0,6918670,75567-37-2,,,,,,,,,,
DB05015,Belinostat,866323-14-0,6918638.0,6918638,866323-14-0,414864-00-9,,,,,,,,,
DB05016,Ataluren,775304-57-9,11219835.0,11219835,775304-57-9,,,,,,,,,,
DB05018,Migalastat,108147-54-2,176077.0,176077,108147-54-2,,,,,,,,,,
DB05039,Indacaterol,312753-06-3,6918554.0,6918554,312753-06-3,753498-25-8,1000160-87-1,,,,,,,,
DB05057,Erdosteine,84611-23-4,65632.0,65632,84611-23-4,105426-14-0,,,,,,,,,
DB05109,Trabectedin,114899-77-3,108150.0,108150,114899-77-3,,,,,,,,,,
DB05154,Pretomanid,187235-37-6,456199.0,456199,187235-37-6,,,,,,,,,,
DB05219,Crisaborole,906673-24-3,44591583.0,44591583,906673-24-3,,,,,,,,,,
DB05239,Cobimetinib,934660-93-2,16222096.0,16222096,934660-93-2,,,,,,,,,,
DB05245,Silver sulfadiazine,22199-08-2,441244.0,441244,22199-08-2,,,,,,,,,,
DB05246,Methsuximide,77-41-8,6476.0,6476,77-41-8,,,,,,,,,,
DB05260,Gallium nitrate,13494-90-1,61635.0,61635,13494-90-1,,,,,,,,,,
DB05271,Rotigotine,99755-59-6,59227.0,59227,99755-59-6,,,,,,,,,,
DB05273,Samarium (153Sm) lexidronam,122575-21-7,76962714.0,76962714,122575-21-7,,,,,,,,,,
DB05294,Vandetanib,443913-73-3,3081361.0,3081361,443913-73-3,,,,,,,,,,
DB05316,Pimavanserin,706779-91-1,10071196.0,10071196,706779-91-1,706782-28-7,,,,,,,,,
DB05351,Dexlansoprazole,138530-94-6,9578005.0,9578005,138530-94-6,,,,,,,,,,
DB05381,Histamine,51-45-6,774.0,774,51-45-6,,,,,,,,,,
DB05382,Iodine,7553-56-2,807.0,807,7553-56-2,,,,,,,,,,
DB05521,Telaprevir,402957-28-2,3010818.0,3010818,402957-28-2,,,,,,,,,,
DB05528,Mipomersen,1000120-98-8,131704297.0,118984467,1000120-98-8,,,,,,,,,,
DB05541,Brivaracetam,357336-20-0,9837243.0,9837243,357336-20-0,,,,,,,,,,
DB05630,Sodium stibogluconate,16037-91-5,56927674.0,56927674,16037-91-5,,,,,,,,,,
DB05676,Apremilast,608141-41-9,11561674.0,11561674,608141-41-9,,,,,,,,,,
DB05812,Abiraterone,154229-19-3,132971.0,132971,154229-19-3,,,,,,,,,,
DB05990,Obeticholic acid,459789-99-2,447715.0,447715,459789-99-2,,,,,,,,,,
DB06016,Cariprazine,839712-12-8,11154555.0,11154555,839712-12-8,,,,,,,,,,
DB06077,Lumateperone,313368-91-1,21302490.0,21302490,313369-37-8,313368-91-1,,,,,,,,,
DB06119,Cenobamate,913088-80-9,,11962412,913088-80-9,,,,,,,,,,
DB06137,Tirbanibulin,897016-82-9,,23635314,897016-82-9,,,,,,,,,,
DB06144,Sertindole,106516-24-9,60149.0,60149,106516-24-9,,,,,,,,,,
DB06145,Spiramycin,24916-50-5,6440717.0,6440717,8025-81-8,24916-50-5,,,,,,,,,
DB06147,Sulfathiazole,72-14-0,5340.0,5340,72-14-0,144-74-1,,,,,,,,,
DB06148,Mianserin,24219-97-4,4184.0,4184,24219-97-4,,,,,,,,,,
DB06150,Sulfadimethoxine,122-11-2,5323.0,5323,122-11-2,1037-50-9,,,,,,,,,
DB06151,Acetylcysteine,616-91-1,12035.0,12035,616-91-1,,,,,,,,,,
DB06152,Nylidrin,447-41-6,4567.0,4567,447-41-6,,,,,,,,,,
DB06153,Pizotifen,15574-96-6,27400.0,27400,15574-96-6,,,,,,,,,,
DB06154,Pentaerythritol tetranitrate,78-11-5,6518.0,6518,78-11-5,,,,,,,,,,
DB06155,Rimonabant,168273-06-1,104850.0,104850,168273-06-1,158681-13-1,,,,,,,,,
DB06176,Romidepsin,128517-07-7,57515973.0,5352062,128517-07-7,,,,,,,,,,
DB06193,Pixantrone,144510-96-3,134019.0,134019,144510-96-3,144510-97-4,144675-97-8,,,,,,,,
DB06196,Icatibant,130308-48-4,71364.0,6918173,130308-48-4,,,,,,,,,,
DB06201,Rufinamide,106308-44-5,129228.0,129228,106308-44-5,,,,,,,,,,
DB06202,Lasofoxifene,180916-16-9,216416.0,216416,180916-16-9,190791-29-8,,,,,,,,,
DB06203,Alogliptin,850649-61-5,11450633.0,11450633,850649-61-5,1246610-75-2,,,,,,,,,
DB06204,Tapentadol,175591-23-8,9838022.0,9838022,175591-23-8,,,,,,,,,,
DB06206,Sugammadex,343306-71-8,6918585.0,6918585,343306-71-8,,,,,,,,,,
DB06207,Silodosin,160970-54-7,5312125.0,5312125,160970-54-7,,,,,,,,,,
DB06209,Prasugrel,150322-43-3,6918456.0,6918456,150322-43-3,,,,,,,,,,
DB06210,Eltrombopag,496775-61-2,9846180.0,135449332,496775-61-2,,,,,,,,,,
DB06211,Doripenem,148016-81-3,73303.0,73303,148016-81-3,,,,,,,,,,
DB06212,Tolvaptan,150683-30-0,443894.0,443894,331947-66-1,150683-30-0,,,,,,,,,
DB06213,Regadenoson,313348-27-5,219024.0,219024,313348-27-5,,,,,,,,,,
DB06215,Ferumoxytol,722492-56-0,16211978.0,6432052,119683-68-0,722492-56-0,,,,,,,,,
DB06216,Asenapine,65576-45-6,11954293.0,11954293,65576-45-6,,,,,,,,,,
DB06217,Vernakalant,794466-70-9,9930049.0,9930049,794466-70-9,,,,,,,,,,
DB06218,Lacosamide,175481-36-4,219078.0,219078,175481-36-4,175481-26-2,,,,,,,,,
DB06228,Rivaroxaban,366789-02-8,9875401.0,9875401,366789-02-8,,,,,,,,,,
DB06230,Nalmefene,55096-26-9,,5284594,55096-26-9,,,,,,,,,,
DB06237,Avanafil,330784-47-9,9869929.0,9869929,330784-47-9,,,,,,,,,,
DB06243,Eflornithine,70052-12-9,3009.0,3009,70052-12-9,66640-93-5,68278-23-9,,,,,,,,
DB06261,Hexaminolevulinate,140898-97-1,6433083.0,6433083,140898-97-1,,,,,,,,,,
DB06262,Droxidopa,23651-95-8,92974.0,92974,23651-95-8,3916-18-5,,,,,,,,,
DB06267,Udenafil,268203-93-6,6918523.0,135413547,268203-93-6,,,,,,,,,,
DB06268,Sitaxentan,184036-34-8,216235.0,216235,184036-34-8,210421-64-0,,,,,,,,,
DB06274,Alvimopan,156053-89-3,5488548.0,5488548,156053-89-3,,,,,,,,,,
DB06282,Levocetirizine,130018-77-8,1549000.0,1549000,130018-77-8,,,,,,,,,,
DB06287,Temsirolimus,162635-04-3,23724530.0,23724530,162635-04-3,,,,,,,,,,
DB06288,Amisulpride,71675-85-9,2159.0,2159,71675-85-9,53583-79-2,,,,,,,,,
DB06290,Simeprevir,923604-59-5,24873435.0,118984465,923604-59-5,,,,,,,,,,
DB06292,Dapagliflozin,461432-26-8,9887712.0,9887712,461432-26-8,,,,,,,,,,
DB06335,Saxagliptin,361442-04-8,11243969.0,11243969,361442-04-8,945667-22-1,1073057-20-1,,,,,,,,
DB06401,Bazedoxifene,198481-32-2,154257.0,154257,198481-32-2,,,,,,,,,,
DB06402,Telavancin,372151-71-8,3081362.0,3081362,372151-71-8,,,,,,,,,,
DB06403,Ambrisentan,177036-94-1,6918493.0,6918493,177036-94-1,,,,,,,,,,
DB06410,Doxercalciferol,54573-75-0,46705423.0,5281107,54573-75-0,,,,,,,,,,
DB06412,Oxymetholone,434-07-1,5281034.0,5281034,434-07-1,,,,,,,,,,
DB06413,Armodafinil,112111-43-0,9690109.0,9690109,112111-43-0,,,,,,,,,,
DB06414,Etravirine,269055-15-4,193962.0,193962,269055-15-4,,,,,,,,,,
DB06441,Cangrelor,163706-06-7,9854012.0,9854012,163706-06-7,,,,,,,,,,
DB06448,Lonafarnib,193275-84-2,148195.0,148195,193275-84-2,,,,,,,,,,
DB06480,Prucalopride,179474-81-8,3052762.0,3052762,179474-81-8,,,,,,,,,,
DB06589,Pazopanib,444731-52-6,10113978.0,10113978,444731-52-6,,,,,,,,,,
DB06590,Ceftaroline fosamil,229016-73-3,9852981.0,9852981,229016-73-3,,,,,,,,,,
DB06594,Agomelatine,138112-76-2,82148.0,82148,138112-76-2,,,,,,,,,,
DB06595,Midostaurin,120685-11-2,9829523.0,9829523,120685-11-2,,,,,,,,,,
DB06603,Panobinostat,404950-80-7,6918837.0,6918837,404950-80-7,,,,,,,,,,
DB06605,Apixaban,503612-47-3,10182969.0,10182969,503612-47-3,,,,,,,,,,
DB06608,Tafenoquine,106635-80-7,,115358,106635-80-7,,,,,,,,,,
DB06614,Peramivir,330600-85-6,154234.0,154234,330600-85-6,229614-56-6,1041434-82-5,,,,,,,,
DB06616,Bosutinib,380843-75-4,5328940.0,5328940,380843-75-4,,,,,,,,,,
DB06626,Axitinib,319460-85-0,6450551.0,6450551,319460-85-0,,,,,,,,,,
DB06636,Isavuconazonium,742049-41-8,6918606.0,6918606,742049-41-8,,,,,,,,,,
DB06637,Dalfampridine,504-24-5,1727.0,1727,504-24-5,29212-32-6,916979-36-7,,,,,,,,
DB06654,Safinamide,133865-89-1,131682.0,131682,133865-89-1,,,,,,,,,,
DB06663,Pasireotide,396091-73-9,9941444.0,9941444,396091-73-9,820232-50-6,,,,,,,,,
DB06684,Vilazodone,163521-12-8,6918314.0,6918314,163521-12-8,,,,,,,,,,
DB06689,Ethanolamine oleate,2272-11-9,5282489.0,5282489,2272-11-9,,,,,,,,,,
DB06690,Nitrous oxide,10024-97-2,948.0,948,10024-97-2,97485-25-1,2227102-37-4,,,,,,,,
DB06691,Mepyramine,91-84-9,4992.0,4992,91-84-9,,,,,,,,,,
DB06694,Xylometazoline,526-36-3,5709.0,5709,526-36-3,,,,,,,,,,
DB06695,Dabigatran etexilate,211915-06-9,6445226.0,135565674,211915-06-9,,,,,,,,,,
DB06697,Artemether,71963-77-4,68911.0,68911,71963-77-4,,,,,,,,,,
DB06698,Betahistine,5638-76-6,2366.0,2366,5638-76-6,,,,,,,,,,
DB06699,Degarelix,214766-78-6,16136245.0,16136245,214766-78-6,,,,,,,,,,
DB06700,Desvenlafaxine,93413-62-8,125017.0,125017,93413-62-8,,,,,,,,,,
DB06701,Dexmethylphenidate,40431-64-9,154101.0,154101,40431-64-9,,,,,,,,,,
DB06702,Fesoterodine,286930-02-7,6918558.0,6918558,286930-02-7,286930-03-8,,,,,,,,,
DB06703,Gadobutrol,770691-21-9,70678987.0,70678987,770691-21-9,138071-82-6,,,,,,,,,
DB06704,Iobenguane,80663-95-2,60860.0,60860,80663-95-2,,,,,,,,,,
DB06705,Gadofosveset trisodium,193901-90-5,73049652.0,73049652,193901-90-5,,,,,,,,,,
DB06706,Isometheptene,503-01-5,22297.0,22297,503-01-5,,,,,,,,,,
DB06707,Levonordefrin,829-74-3,164739.0,164739,829-74-3,74812-63-8,,,,,,,,,
DB06708,Lumefantrine,82186-77-4,6437380.0,6437380,82186-77-4,120583-70-2,120583-71-3,,,,,,,,
DB06709,Methacholine,55-92-5,1993.0,1993,55-92-5,,,,,,,,,,
DB06710,Methyltestosterone,58-18-4,6010.0,6010,58-18-4,262423-02-9,,,,,,,,,
DB06711,Naphazoline,835-31-4,4436.0,4436,835-31-4,,,,,,,,,,
DB06712,Nilvadipine,75530-68-6,4494.0,4494,75530-68-6,,,,,,,,,,
DB06713,Norelgestromin,53016-31-2,62930.0,62930,53016-31-2,,,,,,,,,,
DB06714,Propylhexedrine,101-40-6,7558.0,7558,101-40-6,3595-11-7,,,,,,,,,
DB06715,Potassium Iodide,7681-11-0,4875.0,4875,7681-11-0,,,,,,,,,,
DB06716,Fospropofol,258516-89-1,3038498.0,3038498,258516-89-1,258516-87-9,,,,,,,,,
DB06717,Fosaprepitant,172673-20-0,219090.0,135413538,172673-20-0,265121-04-8,,,,,,,,,
DB06718,Stanozolol,10418-03-8,25249.0,25249,302-96-5,10418-03-8,,,,,,,,,
DB06723,Aluminum hydroxide,21645-51-2,10176082.0,10176082,21645-51-2,14762-49-3,,,,,,,,,
DB06724,Calcium carbonate,471-34-1,10112.0,10112,471-34-1,1317-65-3,13397-25-6,13397-26-7,13701-58-1,14791-73-2,72608-12-9,,,,
DB06725,Lornoxicam,70374-39-9,54690031.0,54690031,70374-39-9,,,,,,,,,,
DB06729,Sulfaphenazole,526-08-9,5335.0,5335,526-08-9,,,,,,,,,,
DB06736,Aceclofenac,89796-99-6,71771.0,71771,89796-99-6,,,,,,,,,,
DB06742,Ambroxol,18683-91-5,2132.0,2132,18683-91-5,107814-37-9,,,,,,,,,
DB06751,Drotaverine,14009-24-6,1712095.0,1712095,14009-24-6,985-12-6,,,,,,,,,
DB06755,Beta carotene,7235-40-7,5280489.0,5280489,7235-40-7,,,,,,,,,,
DB06756,Glycine betaine,107-43-7,247.0,247,107-43-7,,,,,,,,,,
DB06757,Manganese,7439-96-5,27854.0,27854,16397-91-4,7439-96-5,,,,,,,,,
DB06764,Tetryzoline,84-22-0,5419.0,5419,84-22-0,67731-53-7,,,,,,,,,
DB06766,Alcaftadine,147084-10-4,19371515.0,19371515,147084-10-4,,,,,,,,,,
DB06767,Ammonium chloride,12125-02-9,25517.0,25517,12125-02-9,54450-56-5,,,,,,,,,
DB06768,Ammonium lactate,515-98-0,62358.0,62358,515-98-052003-58-4(replacedby515-98-0),515-98-0,,,,,,,,,
DB06769,Bendamustine,16506-27-7,65628.0,65628,16506-27-7,,,,,,,,,,
DB06770,Benzyl alcohol,100-51-6,244.0,244,100-51-6,,,,,,,,,,
DB06771,Besifloxacin,141388-76-3,10178705.0,10178705,141388-76-3,,,,,,,,,,
DB06772,Cabazitaxel,183133-96-2,9854073.0,9854073,183133-96-2,,,,,,,,,,
DB06774,Capsaicin,404-86-4,1548943.0,1548943,404-86-4,,,,,,,,,,
DB06775,Carglumic acid,1188-38-1,121396.0,121396,1188-38-1,,,,,,,,,,
DB06777,Chenodeoxycholic acid,474-25-9,10133.0,10133,474-25-9,,,,,,,,,,
DB06778,Cupric sulfate,7758-98-7,24462.0,24462,7758-98-7,1332-14-5,10124-44-4,18939-61-2,,,,,,,
DB06781,Difluprednate,23674-86-4,443936.0,443936,23674-86-4,,,,,,,,,,
DB06782,Dimercaprol,59-52-9,3080.0,3080,59-52-9,,,,,,,,,,
DB06783,Prussian blue,14038-43-8,2724251.0,2724251,14038-43-8,,,,,,,,,,
DB06784,Gallium citrate Ga-67,41183-64-6,65430.0,65430,27905-02-8,30403-03-3,41183-64-6,,,,,,,,
DB06785,Ganirelix,124904-93-4,16130957.0,16130957,124904-93-4,129311-55-3,,,,,,,,,
DB06786,Halcinonide,3093-35-4,443943.0,443943,3093-35-4,,,,,,,,,,
DB06787,Hexocyclium,6004-98-4,24199.0,24199,6004-98-4,115-63-9,,,,,,,,,
DB06788,Histrelin,76712-82-8,56927879.0,56927879,220810-26-4,76712-82-8,,,,,,,,,
DB06789,Hydroxyprogesterone caproate,630-56-8,169870.0,169870,630-56-8,,,,,,,,,,
DB06791,Lanreotide,108736-35-2,71349.0,71349,108736-35-2,127984-74-1,,,,,,,,,
DB06792,Lanthanum carbonate,587-26-8,168924.0,168924,587-26-8,,,,,,,,,,
DB06794,Lodoxamide,53882-12-5,44564.0,44564,53882-12-5,,,,,,,,,,
DB06795,Mafenide,138-39-6,3998.0,3998,138-39-6,,,,,,,,,,
DB06796,Mangafodipir,155319-91-8,131704299.0,131704299,155319-91-8,,,,,,,,,,
DB06799,Methenamine,100-97-0,4101.0,4101,100-97-0,,,,,,,,,,
DB06800,Methylnaltrexone,916055-93-1,16089915.0,16089915,916055-93-1,,,,,,,,,,
DB06802,Nepafenac,78281-72-8,151075.0,151075,78281-72-8,,,,,,,,,,
DB06803,Niclosamide,50-65-7,4477.0,4477,50-65-7,1420-04-8,,,,,,,,,
DB06804,Nonoxynol-9,26027-38-3,72385.0,72385,14409-72-4,26571-11-9,26027-38-3,,,,,,,,
DB06809,Plerixafor,110078-46-1,65015.0,65015,110078-46-1,,,,,,,,,,
DB06810,Plicamycin,18378-89-7,163659.0,163659,18378-89-7,97666-60-9,,,,,,,,,
DB06811,Polidocanol,9002-92-0,656641.0,656641,3055-99-0,9043-30-5,9002-92-0,,,,,,,,
DB06813,Pralatrexate,146464-95-1,148121.0,148121,146464-95-1,,,,,,,,,,
DB06815,Pyrithione,1121-31-9,26041.0,1570,1121-30-8,1121-31-9,,,,,,,,,
DB06816,Pyrvinium,7187-62-4,5281035.0,5281035,7187-62-4,,,,,,,,,,
DB06817,Raltegravir,518048-05-0,54671008.0,54671008,518048-05-0,,,,,,,,,,
DB06819,Phenylbutyric acid,1821-12-1,4775.0,4775,1821-12-1,,,,,,,,,,
DB06820,Sulconazole,61318-90-9,5318.0,5318,61318-90-9,,,,,,,,,,
DB06823,Tiopronin,1953-02-2,5483.0,5483,1953-02-2,,,,,,,,,,
DB06824,Triethylenetetramine,112-24-3,5565.0,5565,112-24-3,,,,,,,,,,
DB06825,Triptorelin,57773-63-4,25074470.0,25074470,57773-63-4,,,,,,,,,,
DB06826,Unoprostone,120373-36-6,5311236.0,5311236,120373-36-6,,,,,,,,,,
DB06827,Viomycin,32988-50-4,3037981.0,135398671,32988-50-4,37883-00-4,,,,,,,,,
DB07565,Chloramphenicol succinate,3544-94-3,656580.0,656580,3544-94-3,,,,,,,,,,
DB07776,Flavone,525-82-6,10680.0,10680,525-82-6,,,,,,,,,,
DB08329,Sulthiame,61-56-3,5356.0,5356,61-56-3,,,,,,,,,,
DB08439,Parecoxib,198470-84-7,119828.0,119828,198470-84-7,,,,,,,,,,
DB08604,Triclosan,3380-34-5,5564.0,5564,3380-34-5,,,,,,,,,,
DB08797,Salicylamide,65-45-2,5147.0,5147,65-45-2,,,,,,,,,,
DB08799,Antazoline,91-75-8,2200.0,2200,91-75-8,,,,,,,,,,
DB08801,Dimetindene,5636-83-9,21855.0,21855,5636-83-9,,,,,,,,,,
DB08804,Nandrolone decanoate,360-70-3,9677.0,9677,360-70-3,,,,,,,,,,
DB08809,Dichloroacetic acid,79-43-6,6597.0,6597,79-43-6,,,,,,,,,,
DB08814,Triflusal,322-79-2,9458.0,9458,322-79-2,,,,,,,,,,
DB08815,Lurasidone,367514-87-2,213046.0,213046,367514-87-2,,,,,,,,,,
DB08816,Ticagrelor,274693-27-5,9871419.0,9871419,274693-27-5,,,,,,,,,,
DB08818,Hyaluronic acid,9004-61-9,24759.0,24759,125935-84-4,9004-61-9,,,,,,,,,
DB08819,Tafluprost,209860-87-7,9868491.0,9868491,209860-87-7,,,,,,,,,,
DB08820,Ivacaftor,873054-44-5,16220172.0,16220172,873054-44-5,,,,,,,,,,
DB08822,Azilsartan medoxomil,863031-21-4,11238823.0,135409642,863031-21-4,,,,,,,,,,
DB08823,Spinosad,168316-95-8,17754356.0,17754356,168316-95-8,,,,,,,,,,
DB08824,Ioflupane I-123,155798-07-5,3086674.0,3086674,155798-07-5,,,,,,,,,,
DB08826,Deferiprone,30652-11-0,2972.0,2972,30652-11-0,,,,,,,,,,
DB08827,Lomitapide,182431-12-5,9853053.0,9853053,182431-12-5,,,,,,,,,,
DB08828,Vismodegib,879085-55-9,24776445.0,24776445,879085-55-9,,,,,,,,,,
DB08842,Acetylcarnitine,3040-38-8,7045767.0,7045767,3040-38-8,,,,,,,,,,
DB08860,Pitavastatin,147511-69-1,5282452.0,5282452,147511-69-1,147526-32-7,121659-03-8,,,,,,,,
DB08864,Rilpivirine,500287-72-9,6451164.0,6451164,500287-72-9,,,,,,,,,,
DB08865,Crizotinib,877399-52-5,11626560.0,11626560,877399-52-5,,,,,,,,,,
DB08867,Ulipristal,159811-51-5,13559281.0,13559281,159811-51-5,,,,,,,,,,
DB08868,Fingolimod,162359-55-9,107970.0,107970,162359-55-9,,,,,,,,,,
DB08869,Tesamorelin,218949-48-5,56928011.0,56928011,218949-48-5,,,,,,,,,,
DB08871,Eribulin,253128-41-5,73425383.0,11354606,253128-41-5,,,,,,,,,,
DB08872,Gabapentin enacarbil,478296-72-9,9883933.0,9883933,478296-72-9,,,,,,,,,,
DB08873,Boceprevir,394730-60-0,10324367.0,10324367,394730-60-0,,,,,,,,,,
DB08874,Fidaxomicin,873857-62-6,70678896.0,10034073,873857-62-6,,,,,,,,,,
DB08875,Cabozantinib,849217-68-1,25102847.0,25102847,849217-68-1,,,,,,,,,,
DB08877,Ruxolitinib,941678-49-5,25126798.0,25126798,941678-49-5,,,,,,,,,,
DB08880,Teriflunomide,163451-81-8,54684141.0,54684141,163451-81-8,108605-62-5,,,,,,,,,
DB08881,Vemurafenib,918504-65-1,42611257.0,42611257,918504-65-1,,,,,,,,,,
DB08882,Linagliptin,668270-12-0,10096344.0,10096344,668270-12-0,,,,,,,,,,
DB08883,Perampanel,380917-97-5,9924495.0,9924495,380917-97-5,,,,,,,,,,
DB08884,Gadoxetic acid,135326-11-3,131704314.0,131704314,135326-11-3,,,,,,,,,,
DB08887,Icosapent ethyl,86227-47-6,9831415.0,9831415,86227-47-6,73310-10-8,,,,,,,,,
DB08889,Carfilzomib,868540-17-4,11556711.0,11556711,868540-17-4,,,,,,,,,,
DB08890,Linaclotide,851199-59-2,16158208.0,16158208,851199-59-2,,,,,,,,,,
DB08893,Mirabegron,223673-61-8,9865528.0,9865528,223673-61-8,,,,,,,,,,
DB08895,Tofacitinib,477600-75-2,9926791.0,9926791,477600-75-2,,,,,,,,,,
DB08896,Regorafenib,755037-03-7,11167602.0,11167602,755037-03-7,,,,,,,,,,
DB08897,Aclidinium,727649-81-2,11434515.0,11434515,727649-81-2,,,,,,,,,,
DB08899,Enzalutamide,915087-33-1,15951529.0,15951529,915087-33-1,,,,,,,,,,
DB08901,Ponatinib,943319-70-8,24826799.0,24826799,943319-70-8,,,,,,,,,,
DB08903,Bedaquiline,843663-66-1,5388906.0,5388906,843663-66-1,654653-93-7,,,,,,,,,
DB08905,Formestane,566-48-3,11273.0,11273,566-48-3,,,,,,,,,,
DB08906,Fluticasone furoate,397864-44-7,9854489.0,9854489,397864-44-7,779352-12-4,,,,,,,,,
DB08907,Canagliflozin,842133-18-0,24812758.0,24812758,842133-18-0,928672-86-0,,,,,,,,,
DB08908,Dimethyl fumarate,624-49-7,637568.0,637568,624-49-7,23055-10-9,152443-03-3,,,,,,,,
DB08909,Glycerol phenylbutyrate,611168-24-2,10482134.0,10482134,611168-24-2,,,,,,,,,,
DB08910,Pomalidomide,19171-19-8,134780.0,134780,19171-19-8,,,,,,,,,,
DB08911,Trametinib,871700-17-3,11707110.0,11707110,871700-17-3,,,,,,,,,,
DB08912,Dabrafenib,1195765-45-7,44462760.0,44462760,1195765-45-7,,,,,,,,,,
DB08913,Radium Ra 223 dichloride,444811-40-9,,,444811-40-9,,,,,,,,,,
DB08916,Afatinib,850140-72-6,10184653.0,10184653,850140-72-6,439081-18-2,,,,,,,,,
DB08918,Levomilnacipran,96847-54-0,6917779.0,6917779,96847-54-0,,,,,,,,,,
DB08930,Dolutegravir,1051375-16-6,54726191.0,54726191,1051375-16-6,,,,,,,,,,
DB08931,Riociguat,625115-55-1,11304743.0,11304743,625115-55-1,,,,,,,,,,
DB08932,Macitentan,441798-33-0,16004692.0,16004692,441798-33-0,,,,,,,,,,
DB08933,Luliconazole,187164-19-8,3003141.0,3003141,187164-19-8,,,,,,,,,,
DB08934,Sofosbuvir,1190307-88-0,45375808.0,45375808,1190307-88-0,,,,,,,,,,
DB08936,Chlorcyclizine,82-93-9,2710.0,2710,82-93-9,,,,,,,,,,
DB08938,Magaldrate,74978-16-8,3086011.0,122706784,74978-16-8,,,,,,,,,,
DB08941,Isoxsuprine,395-28-8,11779629.0,11779629,395-28-8,,,,,,,,,,
DB08943,Isoconazole,27523-40-6,3760.0,3760,27523-40-6,,,,,,,,,,
DB08944,Isoaminile,77-51-0,12162152.0,12162152,77-51-0,,,,,,,,,,
DB08946,Iopanoic acid,96-83-3,3735.0,3735,96-83-3,,,,,,,,,,
DB08947,Iopamidol,60166-93-0,65492.0,65492,60166-93-0,66108-95-0,,,,,,,,,
DB08949,Inositol nicotinate,6556-11-2,3720.0,3720,6556-11-2,,,,,,,,,,
DB08950,Indoramin,26844-12-2,33625.0,33625,26844-12-2,,,,,,,,,,
DB08958,Hexetidine,141-94-6,3607.0,3607,141-94-6,,,,,,,,,,
DB08964,Gemeprost,64318-79-2,5282237.0,5282237,64318-79-2,,,,,,,,,,
DB08965,Fusafungine,1393-87-9,3084092.0,3084092,1393-87-9,,,,,,,,,,
DB08966,Fursultiamine,804-30-8,3002119.0,3002119,804-30-8,,,,,,,,,,
DB08967,Dimetotiazine,7456-24-8,3089.0,3089,7456-24-8,,,,,,,,,,
DB08971,Fluocortolone,152-97-6,9053.0,9053,152-97-6,,,,,,,,,,
DB08976,Floctafenine,23779-99-9,76958517.0,3360,23779-99-9,,,,,,,,,,
DB08981,Fenbufen,36330-85-5,3335.0,3335,36330-85-5,,,,,,,,,,
DB08985,Etilefrine,709-55-7,3306.0,3306,709-55-7,10128-36-6,,,,,,,,,
DB08987,Etidocaine,36637-18-0,37497.0,37497,36637-18-0,38188-41-9,38188-42-0,60108-68-1,,,,,,,
DB08988,Ethoheptazine,77-15-6,6469.0,6469,77-15-6,,,,,,,,,,
DB08995,Diosmin,520-27-4,5281613.0,5281613,520-27-4,,,,,,,,,,
DB09009,Articaine,23964-58-1,32170.0,32170,23964-58-1,,,,,,,,,,
DB09015,Canrenoic acid,4138-96-9,656615.0,656615,4138-96-9,2181-04-6,,,,,,,,,
DB09019,Bromhexine,3572-43-8,2442.0,2442,3572-43-8,,,,,,,,,,
DB09020,Bisacodyl,603-50-9,2391.0,2391,603-50-9,,,,,,,,,,
DB09026,Aliskiren,173334-57-1,5493444.0,5493444,173334-57-1,173334-58-2,,,,,,,,,
DB09027,Ledipasvir,1256388-51-8,67505836.0,67505836,1256388-51-8,,,,,,,,,,
DB09030,Vorapaxar,618385-01-6,10077130.0,10077130,618385-01-6,,,,,,,,,,
DB09031,Miltefosine,58066-85-6,3599.0,3599,58066-85-6,,,,,,,,,,
DB09034,Suvorexant,1030377-33-3,24965990.0,24965990,1030377-33-3,,,,,,,,,,
DB09038,Empagliflozin,864070-44-0,11949646.0,11949646,864070-44-0,,,,,,,,,,
DB09039,Eliglustat,491833-29-5,23652731.0,23652731,491833-29-5,,,,,,,,,,
DB09040,Efinaconazole,164650-44-6,489181.0,489181,164650-44-6,,,,,,,,,,
DB09041,Tavaborole,174671-46-6,11499245.0,11499245,174671-46-6,,,,,,,,,,
DB09042,Tedizolid phosphate,856867-55-5,11476460.0,11476460,856867-55-5,,,,,,,,,,
DB09047,Finafloxacin,209342-40-5,11567473.0,11567473,209342-40-5,,,,,,,,,,
DB09048,Netupitant,290297-26-6,6451149.0,6451149,290297-26-6,,,,,,,,,,
DB09049,Naloxegol,854601-70-0,56959087.0,56959087,854601-70-0,,,,,,,,,,
DB09050,Ceftolozane,689293-68-3,53234134.0,53234134,689293-68-3,,,,,,,,,,
DB09053,Ibrutinib,936563-96-1,24821094.0,24821094,936563-96-1,,,,,,,,,,
DB09054,Idelalisib,870281-82-6,11625818.0,11625818,870281-82-6,1146702-54-6,,,,,,,,,
DB09059,Atosiban,90779-69-4,,5311010,90779-69-4,,,,,,,,,,
DB09060,Avibactam,1192500-31-4,9835049.0,9835049,1192500-31-4,396731-14-9,,,,,,,,,
DB09061,Cannabidiol,13956-29-1,644019.0,644019,13956-29-1,3556-78-3,,,,,,,,,
DB09063,Ceritinib,1032900-25-6,57379345.0,57379345,1032900-25-6,,,,,,,,,,
DB09065,Cobicistat,1004316-88-4,25151504.0,25151504,1004316-88-4,,,,,,,,,,
DB09067,Corticorelin ovine triflutate,121249-14-7,16132344.0,16132344,79804-71-0,121249-14-7,,,,,,,,,
DB09068,Vortioxetine,508233-74-7,71768094.0,9966051,508233-74-7,,,,,,,,,,
DB09069,Trimetazidine,5011-34-7,21109.0,21109,5011-34-7,,,,,,,,,,
DB09070,Tibolone,5630-53-5,444008.0,444008,5630-53-5,,,,,,,,,,
DB09071,Tasimelteon,609799-22-6,10220503.0,10220503,609799-22-6,,,,,,,,,,
DB09072,Sodium oxybate,502-85-2,23663870.0,23663870,502-85-2,,,,,,,,,,
DB09073,Palbociclib,571190-30-2,5330286.0,5330286,571190-30-2,,,,,,,,,,
DB09074,Olaparib,763113-22-0,,23725625,763113-22-0,,,,,,,,,,
DB09075,Edoxaban,480449-70-5,10280735.0,10280735,480449-70-5,,,,,,,,,,
DB09076,Umeclidinium,869185-19-3,11519070.0,11519070,869185-19-3,,,,,,,,,,
DB09078,Lenvatinib,417716-92-8,9823820.0,9823820,417716-92-8,,,,,,,,,,
DB09079,Nintedanib,656247-17-5,9809715.0,135423438,656247-17-5,,,,,,,,,,
DB09080,Olodaterol,868049-49-4,11504295.0,11504295,868049-49-4,,,,,,,,,,
DB09081,Idebenone,58186-27-9,12881464.0,12881464,58186-27-9,,,,,,,,,,
DB09082,Vilanterol,503068-34-6,10184665.0,10184665,503068-34-6,,,,,,,,,,
DB09083,Ivabradine,155974-00-8,132999.0,132999,155974-00-8,,,,,,,,,,
DB09084,Benzydamine,642-72-8,12555.0,12555,642-72-8,,,,,,,,,,
DB09085,Tetracaine,94-24-6,5411.0,5411,94-24-6,,,,,,,,,,
DB09086,Eugenol,97-53-0,3314.0,3314,97-53-0,,,,,,,,,,
DB09087,Potassium alum,10043-67-1,24856.0,24856,10043-67-1,,,,,,,,,,
DB09088,Amylocaine,644-26-8,10767.0,10767,644-26-8,,,,,,,,,,
DB09089,Trimebutine,39133-31-8,5573.0,5573,58997-89-0,39133-31-8,58997-90-3,,,,,,,,
DB09090,Pinaverium,59995-65-2,40704.0,40704,59995-65-2,,,,,,,,,,
DB09091,Tixocortol,61951-99-3,162955.0,162955,61951-99-3,,,,,,,,,,
DB09092,Xanthinol,2530-97-4,9913.0,9913,2530-97-4,,,,,,,,,,
DB09093,Chlortetracycline,57-62-5,54708735.0,54675777,57-62-5,,,,,,,,,,
DB09094,Podophyllin,9000-55-9,11979494.0,11979494,9000-55-9,,,,,,,,,,
DB09095,Difluocortolone,2607-06-9,11954369.0,11954369,2607-06-9,,,,,,,,,,
DB09096,Benzoyl peroxide,94-36-0,7187.0,7187,94-36-0,,,,,,,,,,
DB09097,Quinagolide,87056-78-8,3086401.0,3086401,87056-78-8,,,,,,,,,,
DB09099,Somatostatin,38916-34-6,16129681.0,16129706,38916-34-6,51110-01-1,54472-66-1,,,,,,,,
DB09101,Elvitegravir,697761-98-1,5277135.0,5277135,697761-98-1,,,,,,,,,,
DB09102,Daclatasvir,1009119-64-5,25154714.0,25154714,1009119-64-5,1009119-65-6,,,,,,,,,
DB09104,Magnesium hydroxide,1309-42-8,73981.0,73981,1317-43-7,1309-42-8,,,,,,,,,
DB09110,Coenzyme M,3375-50-6,598.0,598,3375-50-6,,,,,,,,,,
DB09112,Nitrous acid,7782-77-6,23668193.0,24529,7782-77-6,14797-65-0,,,,,,,,,
DB09114,Colfosceril palmitate,63-89-8,452110.0,452110,63-89-8,,,,,,,,,,
DB09115,Diiodohydroxyquinoline,83-73-8,3728.0,3728,83-73-8,,,,,,,,,,
DB09116,Calcium carbimide,156-62-7,56955933.0,56955933,156-62-7,,,,,,,,,,
DB09117,Paraldehyde,123-63-7,31264.0,31264,123-63-7,1499-02-1,,,,,,,,,
DB09118,Stiripentol,49763-96-4,5311454.0,5311454,49763-96-4,137767-55-6,,,,,,,,,
DB09119,Eslicarbazepine acetate,236395-14-5,179344.0,179344,236395-14-5,,,,,,,,,,
DB09120,Zucapsaicin,25775-90-0,1548942.0,1548942,25775-90-0,,,,,,,,,,
DB09121,Aurothioglucose,12192-57-3,6104.0,6104,12192-57-3,,,,,,,,,,
DB09123,Dienogest,65928-58-7,68861.0,68861,65928-58-7,,,,,,,,,,
DB09124,Medrogestone,977-79-7,9949848.0,9949848,977-79-7,,,,,,,,,,
DB09125,Potassium citrate,866-84-2,13344.0,13344,866-84-2,6100-05-6,7778-49-6,,,,,,,,
DB09128,Brexpiprazole,913611-97-9,11978813.0,11978813,913611-97-9,,,,,,,,,,
DB09129,Chromic chloride,10025-73-7,6452300.0,6452300,10025-73-7,39345-92-1,,,,,,,,,
DB09130,Copper,7440-50-8,23978.0,23978,7440-50-8,7440-50-8 (copper); 1317-38-0 (copper oxide),,,,,,,,,
DB09131,Cupric Chloride,7447-39-4,24014.0,24014,7447-39-4,1344-67-8,,,,,,,,,
DB09132,Gadoteric acid,72573-82-1,158536.0,158536,72573-82-1,83678-67-5,92923-44-9,,,,,,,,
DB09133,Iothalamic acid,2276-90-6,3737.0,3737,2276-90-6,,,,,,,,,,
DB09134,Ioversol,87771-40-2,3741.0,3741,87771-40-2,8771-40-2,,,,,,,,,
DB09135,Ioxilan,107793-72-6,3743.0,3743,107793-72-6,,,,,,,,,,
DB09136,Isosulfan blue,748080-29-7,50108.0,4695,68238-36-8,748080-29-7,,,,,,,,,
DB09137,Technetium Tc-99m mebrofenin,1415247-71-0,11431716.0,11431716,1415247-71-0,,,,,,,,,,
DB09138,Technetium Tc-99m medronate,121524-79-6,131704315.0,131704315,121524-79-6,,,,,,,,,,
DB09139,Technetium Tc-99m oxidronate,72945-61-0,123801.0,123801,72945-61-0,,,,,,,,,,
DB09140,Oxygen,7782-44-7,977.0,977,7782-44-7,11062-77-4,,,,,,,,,
DB09142,Sincalide,25126-32-3,9833444.0,9833444,25126-32-3,,,,,,,,,,
DB09143,Sonidegib,956697-53-3,24775005.0,24775005,956697-53-3,,,,,,,,,,
DB09144,Uridine triacetate,4105-38-8,20058.0,20058,4105-38-8,,,,,,,,,,
DB09145,Water,7732-18-5,962.0,962,7732-18-5,191612-63-2,146915-49-3,158061-35-9,191612-61-0,146915-50-6,,,,,
DB09146,Iron sucrose,8047-67-4,91663255.0,91663255,8047-67-4,,,,,,,,,,
DB09148,Florbetaben (18F),902143-01-5,11501341.0,11501341,902143-01-5,,,,,,,,,,
DB09149,Florbetapir (18F),956103-76-7,24822371.0,24822371,956103-76-7,,,,,,,,,,
DB09151,Flutemetamol (18F),765922-62-1,15950376.0,15950376,765922-62-1,,,,,,,,,,
DB09152,Nitrogen,7727-37-9,947.0,947,7727-37-9,13966-04-6,154680-01-0,,,,,,,,
DB09153,Sodium chloride,7647-14-5,5234.0,5234,7647-14-5,14762-51-7,32343-72-9,8028-77-1,,,,,,,
DB09154,Sodium citrate,68-04-2,6224.0,6224,68-04-2,994-36-5,6132-04-3,18996-35-5,,,,,,,
DB09155,Helium,7440-59-7,23987.0,23987,7440-59-7,71086-78-7,,,,,,,,,
DB09156,Iopromide,73334-07-3,3736.0,3736,73334-07-3,,,,,,,,,,
DB09157,Carbon dioxide,124-38-9,280.0,280,124-38-9,14485-07-5,18923-20-1,,,,,,,,
DB09158,Trypan blue free acid,2538-83-2,9562061.0,6297,72-57-1,2538-83-2,,,,,,,,,
DB09160,Technetium Tc-99m tetrofosmin,127455-27-0,131704316.0,131704316,127455-27-0,,,,,,,,,,
DB09161,Technetium Tc-99m sestamibi,109581-73-9,22617237.0,22617237,109581-73-9,,,,,,,,,,
DB09164,Technetium Tc-99m disofenin,,11430828.0,11430828,,,,,,,,,,,
DB09165,Technetium Tc-99m pyrophosphate,52997-54-3,6452753.0,6452753,52997-54-3,,,,,,,,,,
DB09167,Dosulepin,113-53-1,5284550.0,5284550,113-53-1,,,,,,,,,,
DB09183,Dasabuvir,1132935-63-7,56640146.0,56640146,1132935-63-7,,,,,,,,,,
DB09185,Viloxazine,46817-91-8,5666.0,5666,46817-91-8,,,,,,,,,,
DB09195,Lorpiprazole,108785-69-9,20055414.0,20055414,108785-69-9,,,,,,,,,,
DB09205,Moxisylyte,54-32-0,4260.0,4260,54-32-0,964-52-3,,,,,,,,,
DB09209,Pholcodine,509-67-1,5311356.0,5311356,509-67-1,,,,,,,,,,
DB09210,Piracetam,7491-74-9,,4843,7491-74-9,,,,,,,,,,
DB09212,Loxoprofen,68767-14-6,3965.0,3965,68767-14-6,80382-23-6,226721-96-6,,,,,,,,
DB09213,Dexibuprofen,51146-56-6,39912.0,39912,51146-56-6,,,,,,,,,,
DB09214,Dexketoprofen,22161-81-5,667550.0,667550,22161-81-5,,,,,,,,,,
DB09216,Tolfenamic acid,13710-19-5,610479.0,610479,13710-19-5,,,,,,,,,,
DB09219,Bisoxatin,17692-24-9,28689.0,28689,17692-24-9,,,,,,,,,,
DB09220,Nicorandil,65141-46-0,47528.0,47528,65141-46-0,,,,,,,,,,
DB09225,Zotepine,26615-21-4,5736.0,5736,26615-21-4,,,,,,,,,,
DB09236,Lacidipine,103890-78-4,5311217.0,5311217,103890-78-4,,,,,,,,,,
DB09237,Levamlodipine,103129-82-4,9822750.0,9822750,103129-82-4,,,,,,,,,,
DB09238,Manidipine,89226-50-6,4008.0,4008,89226-50-6,,,,,,,,,,
DB09241,Methylene blue,61-73-4,6099.0,6099,61-73-4,7220-79-3,,,,,,,,,
DB09256,Tegafur,17902-23-7,5386.0,5386,17902-23-7,82294-77-7,37076-68-9,,,,,,,,
DB09257,Gimeracil,103766-25-2,54679224.0,54679224,103766-25-2,,,,,,,,,,
DB09265,Lixisenatide,320367-13-3,131704317.0,131704317,320367-13-3,,,,,,,,,,
DB09267,Strontium ranelate,135459-87-9,6918182.0,6918182,135459-87-9,,,,,,,,,,
DB09268,Picosulfuric acid,10040-34-3,5243.0,5243,10040-34-3,,,,,,,,,,
DB09269,Phenylacetic acid,103-82-2,999.0,999,103-82-2,17303-65-0,51146-16-8,,,,,,,,
DB09270,Ubidecarenone,303-98-0,5281915.0,5281915,303-98-0,,,,,,,,,,
DB09272,Eluxadoline,864821-90-9,11250029.0,11250029,864821-90-9,,,,,,,,,,
DB09274,Artesunate,88495-63-0,6917864.0,6917864,88495-63-0,,,,,,,,,,
DB09275,Bismuth subcitrate potassium,880149-29-1,118987133.0,91667825,880149-29-1,,,,,,,,,,
DB09276,Sodium aurothiomalate,12244-57-4,16760302.0,22318,12244-57-4,,,,,,,,,,
DB09277,Choline C 11,87591-54-6,14989482.0,14989482,87591-54-6,,,,,,,,,,
DB09278,Activated charcoal,64365-11-3,297.0,297,74-82-8,8006-14-2,64365-11-3,,,,,,,,
DB09280,Lumacaftor,936727-05-8,16678941.0,16678941,936727-05-8,,,,,,,,,,
DB09281,Magnesium trisilicate,14987-04-3,5311266.0,5311266,39365-87-2,14987-04-3,,,,,,,,,
DB09282,Molsidomine,25717-80-0,5353788.0,5353788,25717-80-0,,,,,,,,,,
DB09291,Rolapitant,552292-08-7,10311306.0,10311306,552292-08-7,,,,,,,,,,
DB09292,Sacubitril,149709-62-6,9811834.0,9811834,149709-62-6,,,,,,,,,,
DB09293,Iodide I-131,14914-30-8,167195.0,167195,14914-30-8,,,,,,,,,,
DB09296,Ombitasvir,1258226-87-7,54767916.0,54767916,1258226-87-7,,,,,,,,,,
DB09297,Paritaprevir,1216941-48-8,68498031.0,45110509,1216941-48-8,,,,,,,,,,
DB09299,Tenofovir alafenamide,379270-37-8,9574768.0,9574768,379270-37-8,383365-04-6,,,,,,,,,
DB09300,Butylscopolamine,7182-53-8,6852391.0,160883,7182-53-8,,,,,,,,,,
DB09313,Ioxaglic acid,59017-64-0,3742.0,3742,59017-64-0,,,,,,,,,,
DB09314,Technetium Tc-99m pertechnetate,23288-61-1,131709156.0,131709156,23288-61-1,,,,,,,,,,
DB09315,Xenon-133,14932-42-4,66376.0,66376,14932-42-4,,,,,,,,,,
DB09316,Thallous Chloride,7791-12-0,24642.0,24642,7791-12-0,7440-28-0,,,,,,,,,
DB09320,Procaine benzylpenicillin,54-35-3,5903.0,5903,54-35-3,,,,,,,,,,
DB09321,Zinc oxide,1314-13-2,14806.0,14806,1314-13-2,174846-84-5,174846-83-4,155149-97-6,20431-17-8,174846-87-8,174846-85-6,8051-03-4,91315-44-5,,
DB09322,Zinc sulfate,7733-02-0,24424.0,24424,7733-02-0,,,,,,,,,,
DB09324,Sulbactam,68373-14-8,130313.0,130313,68373-14-8,,,,,,,,,,
DB09325,Sodium fluoride,7681-49-4,5235.0,5235,7681-49-4,,,,,,,,,,
DB09326,Ammonia N-13,34819-78-8,119432.0,119432,34819-78-8,,,,,,,,,,
DB09327,Tegafur-uracil,74578-38-4,104747.0,104747,74578-38-4,,,,,,,,,,
DB09330,Osimertinib,1421373-65-0,71496458.0,71496458,1421373-65-0,,,,,,,,,,
DB09332,Kappadione,131-13-5,8555.0,8555,131-13-5,,,,,,,,,,
DB09333,Iopodic acid,5587-89-3,5241.0,5241,5587-89-3,1221-56-3,,,,,,,,,
DB09340,Tyropanoic acid,27293-82-9,5611.0,5611,27293-82-9,,,,,,,,,,
DB09342,Propoxycaine,86-43-1,6843.0,6843,86-43-1,,,,,,,,,,
DB09343,Tipiracil,183204-74-2,6323266.0,6323266,183204-74-2,,,,,,,,,,
DB09345,Pramocaine,140-65-8,4886.0,4886,140-65-8,,,,,,,,,,
DB09348,Propiolactone,57-57-8,2365.0,2365,57-57-8,,,,,,,,,,
DB09350,Piperonyl butoxide,51-03-6,5794.0,5794,51-03-6,63993-73-7,,,,,,,,,
DB09351,Levobetaxolol,93221-48-8,60657.0,60657,93221-48-8,,,,,,,,,,
DB09352,Hydroxyamphetamine,103-86-6,3651.0,3651,103-86-6,,,,,,,,,,
DB09353,Octasulfur,10544-50-0,66348.0,66348,10544-50-0,1326-66-5,,,,,,,,,
DB09357,Dexpanthenol,81-13-0,131204.0,131204,81-13-0,,,,,,,,,,
DB09372,Tannic acid,1401-55-4,,16131300,1401-55-4,72401-53-7,18483-17-5,,,,,,,,
DB09374,Indocyanine green acid form,28782-33-4,11967809.0,5282413,28782-33-4,,,,,,,,,,
DB09376,Lapyrium,109260-82-4,22660.0,22660,109260-82-4,,,,,,,,,,
DB09389,Norgestrel,6533-00-2,4542.0,4542,6533-00-2,,,,,,,,,,
DB09394,Phosphoric acid,7664-38-2,1004.0,1004,7664-38-2,8017-16-1,9044-08-0,14265-44-2,,,,,,,
DB09395,Sodium acetate,127-09-3,517045.0,517045,126-96-5,127-09-3,,,,,,,,,
DB09397,Technetium Tc-99m sulfur colloid,,76957057.0,76957057,,,,,,,,,,,
DB09398,Fluoride ion F-18,67862-54-8,23690531.0,10197600,67862-54-8,,,,,,,,,,
DB09407,Magnesium chloride,7786-30-3,5360315.0,5360315,7786-30-3,,,,,,,,,,
DB09409,Magnesium acetate tetrahydrate,16674-78-5,134717.0,134717,16674-78-5,,,,,,,,,,
DB09413,Monopotassium phosphate,7778-77-0,516951.0,516951,7778-77-0,,,,,,,,,,
DB09414,Dipotassium phosphate,7758-11-4,24450.0,24450,7758-11-4,,,,,,,,,,
DB09418,Potassium perchlorate,7778-74-7,516900.0,516900,7778-74-7,,,,,,,,,,
DB09419,Xylose,58-86-6,644160.0,644160,58-86-6,25990-60-7,41247-05-6,31178-70-8,,,,,,,
DB09420,Iodide I-123,69239-56-1,135300.0,135300,69239-56-1,,,,,,,,,,
DB09421,Protirelin,24305-27-9,638678.0,638678,24305-27-9,11096-37-0,117217-40-0,,,,,,,,
DB09425,Indium In-111 pentetate,135998-32-2,131704319.0,131704319,135998-32-2,,,,,,,,,,
DB09449,"Sodium phosphate, monobasic",7558-80-7,23672064.0,23672064,7558-80-7,7632-05-5,89140-32-9,,,,,,,,
DB09460,Sodium carbonate,497-19-8,10340.0,10340,497-19-8,7542-12-3,,,,,,,,,
DB09462,Glycerin,56-81-5,753.0,753,56-81-5,8043-29-6,25618-55-7,977091-53-4,8013-25-0,,,,,,
DB09472,Sodium sulfate,7757-82-6,24436.0,24436,7757-82-6,8052-50-4,13759-07-4,68081-98-1,,,,,,,
DB09473,Indium In-111 oxyquinoline,65389-08-4,119117.0,119117,65389-08-4,,,,,,,,,,
DB09477,Enalaprilat,76420-72-9,5462501.0,5462501,76420-72-9,84680-54-6,,,,,,,,,
DB09479,Rubidium Rb-82,,71357.0,10176083,,,,,,,,,,,
DB09481,Magnesium carbonate,546-93-0,11029.0,11029,546-93-0,7757-69-9,7760-50-1,13717-00-5,39409-82-0,546-93-0; 13717-00-5,,,,,
DB09484,Sodium fluorophosphate,10163-15-2,,24266,7631-97-2,10163-15-2,,,,,,,,,
DB09488,Acrivastine,87848-99-5,5284514.0,5284514,87848-99-5,,,,,,,,,,
DB09490,Indium In-111 chloride,50800-85-6,49800058.0,49800058,50800-85-6,,,,,,,,,,
DB09494,Cetyl alcohol,36653-82-4,2682.0,2682,36653-82-4,36311-34-9,67762-30-5,,,,,,,,
DB09495,Avobenzone,70356-09-1,51040.0,51040,70356-09-1,,,,,,,,,,
DB09496,Octinoxate,5466-77-3,5355130.0,5355130,5466-77-3,83834-59-7,,,,,,,,,
DB09498,Strontium chloride Sr-89,38270-90-5,5362485.0,5388879,38270-90-5,,,,,,,,,,
DB09499,Thiosulfuric acid,13686-28-7,24478.0,24478,13686-28-7,14383-50-7,,,,,,,,,
DB09502,Fludeoxyglucose (18F),63503-12-8,68614.0,68614,63503-12-8,,,,,,,,,,
DB09510,Urea C-13,58069-82-2,636363.0,636363,58069-82-2,,,,,,,,,,
DB09512,Simethicone,8050-81-5,,6433516,8050-81-5,,,,,,,,,,
DB09513,Urea C-14,594-05-8,11457650.0,11457650,594-05-8,,,,,,,,,,
DB09516,Mequinol,150-76-5,9015.0,9015,150-76-5,,,,,,,,,,
DB09517,Sodium ferric gluconate complex,34089-81-1,76968835.0,76968835,34089-81-1,,,,,,,,,,
DB09526,Hydroquinone,123-31-9,785.0,785,123-31-9,,,,,,,,,,
DB09534,Ecamsule,92761-26-7,9915879.0,9915879,92761-26-7,,,,,,,,,,
DB09536,Titanium dioxide,13463-67-7,26042.0,26042,13463-67-7,864179-42-0,200075-84-9,1317-80-2,1317-70-0,98084-96-9,13463-67-7;1317-70-7;1317-80-2,,,,
DB09543,Methyl salicylate,119-36-8,4133.0,4133,119-36-8,29468-36-8,68917-50-0,68917-75-9,90045-28-6,,,,,,
DB09546,Iobenguane sulfate I-123,80663-95-2,56840904.0,56840904,139755-80-9,80663-95-2,,,,,,,,,
DB09552,Thonzonium,25466-36-8,5456.0,5456,25466-36-8,,,,,,,,,,
DB09555,Dexchlorpheniramine maleate,2438-32-6,5281070.0,5281070,2438-32-6,,,,,,,,,,
DB09561,Sodium glycerophosphate,1334-74-3,22251426.0,14754,1300-25-0,1334-74-3,1555-56-2,17603-42-8,55073-41-1,,,,,,
DB09563,Choline C-11,94793-58-5,449688.0,449688,94793-58-5,,,,,,,,,,
DB09570,Ixazomib,1072833-77-2,25183872.0,25183872,1072833-77-2,,,,,,,,,,
DB09571,Levmetamfetamine,33817-09-3,36604.0,36604,33817-09-3,,,,,,,,,,
DB11056,Stannous chloride,7772-99-8,,5284466,7772-99-8,,,,,,,,,,
DB11062,Octisalate,118-60-5,,8364,118-60-5,,,,,,,,,,
DB11064,Homosalate,118-56-9,,8362,118-56-9,,,,,,,,,,
DB11068,Selenic acid,7783-08-6,1089.0,1089,7783-08-6,14124-68-6,,,,,,,,,
DB11071,Phenyl salicylate,118-55-8,8361.0,8361,118-55-8,,,,,,,,,,
DB11073,Cetylpyridinium,7773-52-6,2683.0,2683,7773-52-6,,,,,,,,,,
DB11079,Trolamine salicylate,2174-16-5,25213.0,25213,2174-16-5,,,,,,,,,,
DB11081,Aluminum chloride,7446-70-0,24012.0,24012,7446-70-0,16603-84-2,,,,,,,,,
DB11085,Resorcinol,108-46-3,5054.0,5054,108-46-3,26982-54-7,,,,,,,,,
DB11089,Docusate,10041-19-7,,11339,10041-19-7,,,,,,,,,,
DB11090,Potassium nitrate,7757-79-1,24434.0,24434,7757-79-1,,,,,,,,,,
DB11091,Hydrogen peroxide,7722-84-1,784.0,784,7722-84-1,12325-10-9,,,,,,,,,
DB11092,Stannous fluoride,7783-47-3,24550.0,24550,7783-47-3,,,,,,,,,,
DB11093,Calcium citrate,813-94-5,13136.0,13136,813-94-5,5785-44-4,7693-13-2,,,,,,,,
DB11096,Meradimate,134-09-8,,8633,134-09-8,,,,,,,,,,
DB11098,Potassium bicarbonate,298-14-6,516893.0,516893,298-14-6,17353-70-7,,,,,,,,,
DB11100,Allantoin,97-59-6,,204,97-59-6,,,,,,,,,,
DB11102,N-acetyltyrosine,537-55-3,68310.0,68310,537-55-3,,,,,,,,,,
DB11104,Sulfur hexafluoride,2551-62-4,17358.0,17358,2551-62-4,,,,,,,,,,
DB11110,Magnesium citrate,3344-18-1,6099959.0,6099959,3344-18-1,7779-25-1,,,,,,,,,
DB11115,Ensulizole,27503-81-7,33919.0,33919,27503-81-7,,,,,,,,,,
DB11117,Undecylenic acid,112-38-9,,5634,112-38-9,1333-28-4,96451-28-4,,,,,,,,
DB11119,Sodium iodide,7681-82-5,5238.0,5238,7681-82-5,,,,,,,,,,
DB11121,Chloroxylenol,88-04-0,2723.0,2723,88-04-0,,,,,,,,,,
DB11123,Hypochlorite,14380-61-1,61739.0,61739,none,14380-61-1,,,,,,,,,
DB11125,Benzethonium,10172-60-8,2335.0,2335,10172-60-8,,,,,,,,,,
DB11126,Calcium gluconate,299-28-5,9290.0,9290,299-28-5,,,,,,,,,,
DB11127,Selenious acid,7783-00-8,1091.0,1091,7783-00-8,14124-67-5,,,,,,,,,
DB11129,Carbamide peroxide,124-43-6,31294.0,31294,124-43-6,14479-85-7,,,,,,,,,
DB11134,Cupric oxide,1317-38-0,164827.0,164827,1317-38-0,,,,,,,,,,
DB11135,Selenium,7782-49-2,6326970.0,6326970,7782-49-2,,,,,,,,,,
DB11136,Chromium,7440-47-3,23976.0,23976,7440-47-3,,,,,,,,,,
DB11141,Manganese gluconate,6485-39-8,,22988,6485-39-8,,,,,,,,,,
DB11145,Oxyquinoline,148-24-3,1923.0,1923,148-24-3,,,,,,,,,,
DB11148,Butamben,94-25-7,2482.0,2482,94-25-7,,,,,,,,,,
DB11150,Barium sulfate,7727-43-7,24414.0,24414,7727-43-7,13462-86-7,75496-35-4,,,,,,,,
DB11151,Sodium hydroxide,1310-73-2,14798.0,14798,1310-73-2,,,,,,,,,,
DB11153,Potassium hydroxide,1310-58-3,14797.0,14797,1310-58-3,,,,,,,,,,
DB11155,Triclocarban,101-20-2,7547.0,7547,101-20-2,,,,,,,,,,
DB11156,Pyrantel,15686-83-6,708857.0,708857,15686-83-6,,,,,,,,,,
DB11157,Anthralin,1143-38-0,2202.0,2202,1143-38-0,,,,,,,,,,
DB11160,Phenyltoloxamine,92-12-6,7077.0,7077,92-12-6,,,,,,,,,,
DB11164,Bicisate,121251-02-3,72048.0,72048,121251-02-3,,,,,,,,,,
DB11168,Calcium threonate,70753-61-6,13388558.0,13388558,70753-61-6,,,,,,,,,,
DB11171,Ferric sulfate,10028-22-5,23443659.0,23443659,10028-22-5,,,,,,,,,,
DB11180,Tetrofosmin,127502-06-1,4274.0,4274,127502-06-1,,,,,,,,,,
DB11181,Homatropine,87-00-3,,5282593,87-00-3,16175-57-8,,,,,,,,,
DB11182,Rose bengal,,,25474,11121-48-5,4159-77-7,,,,,,,,,
DB11186,Pentoxyverine,77-23-6,2562.0,2562,77-23-6,1406-98-0,,,,,,,,,
DB11191,Cobamamide,13870-90-1,,70678541,13870-90-1,,,,,,,,,,
DB11197,Ferrous cysteine glycinate,,,145994605,,,,,,,,,,,
DB11200,Aluminum zirconium octachlorohydrex gly,174514-58-0,,145994606,174514-58-0,,,,,,,,,,
DB11201,Menthyl salicylate,89-46-3,,20055232,89-46-3,,,,,,,,,,
DB11206,Bemotrizinol,187393-00-6,,135487856,187393-00-6,,,,,,,,,,
DB11207,Amiloxate,71617-10-2,,1549789,71617-10-2,,,,,,,,,,
DB11217,Arbutin,497-76-7,440936.0,440936,497-76-7,,,,,,,,,,
DB11219,Enzacamene,36861-47-9,7019255.0,6434217,36861-47-9,,,,,,,,,,
DB11221,Dioxybenzone,131-53-3,,8569,131-53-3,,,,,,,,,,
DB11226,Ethylhexyl methoxycrylene,947753-66-4,,66661267,947753-66-4,,,,,,,,,,
DB11235,Thonzylamine,91-85-0,5457.0,5457,91-85-0,,,,,,,,,,
DB11239,Aluminum sulfate,10043-01-3,24850.0,24850,10043-01-3,10124-29-5,17927-65-0,,,,,,,,
DB11248,Zinc gluconate,4468-02-4,443445.0,443445,4468-02-4,,,,,,,,,,
DB11254,Hexylresorcinol,136-77-6,3610.0,3610,136-77-6,,,,,,,,,,
DB11256,Levomefolic acid,31690-09-2,444412.0,135398561,31690-09-2,134-35-0,,,,,,,,,
DB11262,Bisoctrizole,103597-45-1,,3571576,103597-45-1,,,,,,,,,,
DB11264,Calcium glycerophosphate,27214-00-2,,62820,58409-70-4,27214-00-2,,,,,,,,,
DB11269,Diethylamino hydroxybenzoyl hexyl benzoate,302776-68-7,,10111431,302776-68-7,,,,,,,,,,
DB11273,Dihydroergocornine,25447-65-8,,168871,25447-65-8,,,,,,,,,,
DB11274,Dihydro-alpha-ergocryptine,25447-66-9,,114948,25447-66-9,,,,,,,,,,
DB11275,Epicriptine,88660-47-3,,65667,88660-47-3,,,,,,,,,,
DB11278,DL-Methylephedrine,1201-56-5,,64782,552-79-4,1201-56-5,,,,,,,,,
DB11282,Diethyltoluamide,134-62-3,,4284,134-62-3,,,,,,,,,,
DB11283,DL-dimyristoylphosphatidylcholine,18656-38-7,,26197,18656-38-7,,,,,,,,,,
DB11284,DL-dimyristoylphosphatidylglycerol,61361-72-6,,107767,61361-72-6,,,,,,,,,,
DB11323,Glycol salicylate,87-28-5,6880.0,6880,87-28-5,,,,,,,,,,
DB11326,Boric acid,10043-35-3,7628.0,7628,10043-35-311113-50-1,10043-35-3,11113-50-1,,,,,,,,
DB11327,Dipyrithione,3696-28-4,,3109,3696-28-4,,,,,,,,,,
DB11328,Tetradecyl hydrogen sulfate (ester),300-52-7,,8771,300-52-7,,,,,,,,,,
DB11331,1-Palmitoyl-2-oleoyl-sn-glycero-3-(phospho-rac-(1-glycerol)),185435-28-3,,5283509,185435-28-3,,,,,,,,,,
DB11332,Sinapultide,138531-07-4,,16132243,138531-07-4,,,,,,,,,,
DB11348,Calcium Phosphate,10103-46-5,24456.0,24456,7758-87-410103-46-5,7758-87-4,10103-46-5,21063-37-6,68439-86-1,,,,,,
DB11359,Guaiacol,90-05-1,460.0,460,8021-39-4,90-05-1,9009-62-5,26638-03-9,,,,,,,
DB11362,Selexipag,475086-01-2,9913767.0,9913767,475086-01-2,,,,,,,,,,
DB11363,Alectinib,1256580-46-7,49806720.0,49806720,1256580-46-7,,,,,,,,,,
DB11386,Chlorobutanol,57-15-8,5977.0,5977,57-15-8,6001-64-5,28471-22-9,1320-66-7,,,,,,,
DB11431,Moxidectin,113507-06-5,,9832912,113507-06-5,,,,,,,,,,
DB11560,Lesinurad,878672-00-5,53465279.0,53465279,878672-00-5,1890222-25-9,1890222-26-0,,,,,,,,
DB11570,Padimate O,21245-02-3,30541.0,30541,21245-02-3,,,,,,,,,,
DB11573,Aluminum chlorohydrate,12359-72-7,71586946.0,71586946,12359-72-7,,,,,,,,,,
DB11574,Elbasvir,1370468-36-2,71661251.0,71661251,1370468-36-2,,,,,,,,,,
DB11575,Grazoprevir,1350514-68-9,44603531.0,44603531,1350514-68-9,,,,,,,,,,
DB11577,Indigotindisulfonic acid,483-20-5,5282430.0,3705,483-20-5,,,,,,,,,,
DB11581,Venetoclax,1257044-40-8,49846579.0,49846579,1257044-40-8,,,,,,,,,,
DB11583,Cetalkonium,10328-34-4,31203.0,31203,10328-34-4,,,,,,,,,,
DB11584,Pipradrol,467-60-7,,10083,467-60-7,,,,,,,,,,
DB11585,Drometrizole trisiloxane,155633-54-8,,9848888,155633-54-8,,,,,,,,,,
DB11586,Asunaprevir,630420-16-5,16076883.0,16076883,630420-16-5,,,,,,,,,,
DB11587,Etafedrine,48141-64-6,,94532,48141-64-6,7681-79-0,,,,,,,,,
DB11589,Neon,7440-01-9,23935.0,23935,7440-01-9,,,,,,,,,,
DB11590,Thimerosal,54-64-8,16684434.0,16684434,54-64-8,,,,,,,,,,
DB11591,Bilastine,202189-78-4,185460.0,185460,202189-78-4,,,,,,,,,,
DB11594,Domiphen,13900-14-6,3149.0,3149,13900-14-6,,,,,,,,,,
DB11596,Levoleucovorin,68538-85-2,149436.0,135398559,68538-85-2,58-05-9,,,,,,,,,
DB11602,Hydroxyethyl cellulose,9004-62-0,4327536.0,4327536,9004-62-0,,,,,,,,,,
DB11609,Normethadone,467-85-6,10090.0,10090,467-85-6,,,,,,,,,,
DB11610,Oxilofrine,365-26-4,688009.0,688009,365-26-4,,,,,,,,,,
DB11611,Lifitegrast,1025967-78-5,11965427.0,11965427,1025967-78-5,,,,,,,,,,
DB11613,Velpatasvir,1377049-84-7,67683363.0,67683363,1377049-84-7,,,,,,,,,,
DB11614,Rupatadine,158876-82-5,133017.0,133017,158876-82-5,,,,,,,,,,
DB11619,Gestrinone,16320-04-0,27812.0,27812,16320-04-0,,,,,,,,,,
DB11622,Dehydrocholic acid,81-23-2,6674.0,6674,81-23-2,,,,,,,,,,
DB11630,Temoporfin,122341-38-2,,60751,122341-38-2,,,,,,,,,,
DB11632,Opicapone,923287-50-7,,135565903,923287-50-7,,,,,,,,,,
DB11633,Isavuconazole,241479-67-4,,6918485,241479-67-4,,,,,,,,,,
DB11637,Delamanid,681492-22-8,,6480466,681492-22-8,,,,,,,,,,
DB11640,Amifampridine,54-96-6,,5918,54-96-6,,,,,,,,,,
DB11641,Vinflunine,162652-95-1,,10629256,162652-95-1,,,,,,,,,,
DB11642,Pitolisant,362665-56-3,,9948102,362665-56-3,,,,,,,,,,
DB11644,Tafamidis,594839-88-0,11001318.0,11001318,594839-88-0,,,,,,,,,,
DB11652,Tucatinib,937263-43-9,51039094.0,51039094,937263-43-9,,,,,,,,,,
DB11653,Bremelanotide,189691-06-3,9941379.0,9941379,189691-06-3,,,,,,,,,,
DB11660,Latanoprostene bunod,860005-21-6,11156438.0,11156438,860005-21-6,,,,,,,,,,
DB11672,Curcumin,458-37-7,969516.0,969516,458-37-7,8024-37-1,129828-29-1,,,,,,,,
DB11677,Triheptanoin,620-67-7,69286.0,69286,620-67-7,,,,,,,,,,
DB11689,Selumetinib,606143-52-6,10127622.0,10127622,606143-52-6,,,,,,,,,,
DB11691,Naldemedine,916072-89-4,54732242.0,54732242,916072-89-4,,,,,,,,,,
DB11699,Tropisetron,89565-68-4,656665.0,656665,89565-68-4,,,,,,,,,,
DB11700,Setmelanotide,920014-72-8,11993702.0,11993702,920014-72-8,,,,,,,,,,
DB11703,Acalabrutinib,1420477-60-6,71226662.0,71226662,1420477-60-6,,,,,,,,,,
DB11712,Tezacaftor,1152311-62-0,46199646.0,46199646,1152311-62-0,,,,,,,,,,
DB11718,Encorafenib,1269440-17-6,50922675.0,50922675,1269440-17-6,,,,,,,,,,
DB11730,Ribociclib,1211441-98-3,44631912.0,44631912,1211441-98-3,,,,,,,,,,
DB11732,Lasmiditan,439239-90-4,11610526.0,11610526,439239-90-4,,,,,,,,,,
DB11735,Galactose,59-23-4,3037556.0,3037556,59-23-4,26566-61-0,,,,,,,,,
DB11751,Cabotegravir,1051375-10-0,54713659.0,54713659,1051375-10-0,,,,,,,,,,
DB11753,Rifamycin,6998-60-3,,6324616,6998-60-3,,,,,,,,,,
DB11757,Istradefylline,155270-99-8,5311037.0,5311037,155270-99-8,,,,,,,,,,
DB11760,Talazoparib,1207456-01-6,44819241.0,135565082,1207456-01-6,1207456-00-5,,,,,,,,,
DB11761,Tenapanor,1234423-95-0,71587953.0,71587953,1234423-95-0,,,,,,,,,,
DB11791,Capmatinib,1029712-80-8,25145656.0,25145656,1029712-80-8,,,,,,,,,,
DB11793,Niraparib,1038915-60-4,24958200.0,24958200,1038915-60-4,,,,,,,,,,
DB11796,Fostemsavir,864953-29-7,11319217.0,11319217,864953-29-7,,,,,,,,,,
DB11799,Bictegravir,1611493-60-7,90311989.0,90311989,1611493-60-7,,,,,,,,,,
DB11800,Tivozanib,475108-18-0,9911830.0,9911830,475108-18-0,,,,,,,,,,
DB11817,Baricitinib,1187594-09-7,44205240.0,44205240,1187594-09-7,,,,,,,,,,
DB11820,Nifurtimox,23256-30-6,6842999.0,6842999,23256-30-6,39072-15-6,39072-16-7,,,,,,,,
DB11823,Esketamine,33643-46-8,182137.0,182137,33643-46-8,,,,,,,,,,
DB11827,Ertugliflozin,1210344-57-2,44814423.0,44814423,1210344-57-2,,,,,,,,,,
DB11828,Neratinib,698387-09-6,9915743.0,9915743,698387-09-6,,,,,,,,,,
DB11837,Osilodrostat,928134-65-0,44139752.0,44139752,928134-65-0,1304733-26-3,,,,,,,,,
DB11842,Angiotensin II,4474-91-3,172198.0,172198,4474-91-3,11128-99-7,,,,,,,,,
DB11853,Relugolix,737789-87-6,10348973.0,10348973,737789-87-6,,,,,,,,,,
DB11855,Revefenacin,864750-70-9,11753673.0,11753673,864750-70-9,,,,,,,,,,
DB11859,Brexanolone,516-54-1,92786.0,92786,516-54-1,516-55-2,4406-35-3,,,,,,,,
DB11901,Apalutamide,956104-40-8,24872560.0,24872560,956104-40-8,,,,,,,,,,
DB11915,Valbenazine,1025504-45-3,24795069.0,24795069,1025504-45-3,,,,,,,,,,
DB11921,Deflazacort,14484-47-0,189821.0,189821,14484-47-0,,,,,,,,,,
DB11932,Abametapir,1762-34-1,15664.0,15664,1762-34-1,,,,,,,,,,
DB11936,Bempedoic acid,738606-46-7,10472693.0,10472693,738606-46-7,,,,,,,,,,
DB11942,Selinexor,1393477-72-9,71481097.0,71481097,1393477-72-9,,,,,,,,,,
DB11943,Delafloxacin,189279-58-1,487101.0,487101,189279-58-1,,,,,,,,,,
DB11951,Lemborexant,1369764-02-2,56944144.0,56944144,1369764-02-2,,,,,,,,,,
DB11952,Duvelisib,1201438-56-3,50905713.0,50905713,1201438-56-3,,,,,,,,,,
DB11963,Dacomitinib,1110813-31-4,11511120.0,11511120,1110813-31-4,1042385-75-0,,,,,,,,,
DB11967,Binimetinib,606143-89-9,10288191.0,10288191,606143-89-9,,,,,,,,,,
DB11978,Glasdegib,1095173-27-5,25166913.0,25166913,1095173-27-5,,,,,,,,,,
DB11979,Elagolix,834153-87-6,11250647.0,11250647,834153-87-6,,,,,,,,,,
DB11986,Entrectinib,1108743-60-7,25141092.0,25141092,1108743-60-7,,,,,,,,,,
DB11989,Benznidazole,22994-85-0,31593.0,31593,22994-85-0,,,,,,,,,,
DB11994,Diacerein,13739-02-1,26248.0,26248,13739-02-1,,,,,,,,,,
DB11995,Avatrombopag,570406-98-3,9852519.0,9852519,570406-98-3,,,,,,,,,,
DB12001,Abemaciclib,1231929-97-7,46220502.0,46220502,1231929-97-7,,,,,,,,,,
DB12010,Fostamatinib,901119-35-5,11671467.0,11671467,901119-35-5,,,,,,,,,,
DB12015,Alpelisib,1217486-61-7,56649450.0,56649450,1217486-61-7,,,,,,,,,,
DB12020,Tecovirimat,869572-92-9,16124688.0,16124688,869572-92-9,,,,,,,,,,
DB12026,Voxilaprevir,1535212-07-7,89921642.0,89921642,1535212-07-7,,,,,,,,,,
DB12035,Sarecycline,1035654-66-0,54681908.0,54681908,1035654-66-0,,,,,,,,,,
DB12070,Letermovir,917389-32-3,,45138674,917389-32-3,,,,,,,,,,
DB12095,Telotristat ethyl,1033805-22-9,25025298.0,25181577,1033805-22-9,,,,,,,,,,
DB12107,Vaborbactam,1360457-46-0,56649692.0,56649692,1360457-46-0,,,,,,,,,,
DB12130,Lorlatinib,1454846-35-5,71731823.0,71731823,1454846-35-5,,,,,,,,,,
DB12141,Gilteritinib,1254053-43-4,49803313.0,49803313,1254053-43-4,,,,,,,,,,
DB12147,Erdafitinib,1346242-81-6,67462786.0,67462786,1346242-81-6,,,,,,,,,,
DB12161,Deutetrabenazine,1392826-25-3,73442840.0,73442840,1392826-25-3,,,,,,,,,,
DB12243,Edaravone,89-25-8,4021.0,4021,89-25-819735-89-8,89-25-8,,,,,,,,,
DB12245,Triclabendazole,68786-66-3,50248.0,50248,68786-66-3,,,,,,,,,,
DB12267,Brigatinib,1197953-54-0,68165256.0,68165256,1197953-54-0,,,,,,,,,,
DB12278,Propiverine,60569-19-9,4942.0,4942,60569-19-9,,,,,,,,,,
DB12301,Doravirine,1338225-97-0,58460047.0,58460047,1338225-97-0,,,,,,,,,,
DB12328,Cantharidin,56-25-7,5944.0,5944,56-25-7,,,,,,,,,,
DB12329,Eravacycline,1207283-85-9,54726192.0,54726192,1207283-85-9,,,,,,,,,,
DB12332,Rucaparib,283173-50-2,9931954.0,9931954,283173-50-2,,,,,,,,,,
DB12364,Betrixaban,330942-05-7,10275777.0,10275777,330942-05-7,,,,,,,,,,
DB12371,Siponimod,1230487-00-9,44599207.0,44599207,1230487-00-9,1230487-85-0,,,,,,,,,
DB12377,Relebactam,1174018-99-5,44129647.0,44129647,1174018-99-5,,,,,,,,,,
DB12404,Remimazolam,308242-62-8,9867812.0,9867812,308242-62-8,,,,,,,,,,
DB12455,Omadacycline,389139-89-3,54697325.0,54697325,389139-89-3,,,,,,,,,,
DB12457,Rimegepant,1289023-67-1,51049968.0,51049968,1289023-67-1,,,,,,,,,,
DB12466,Favipiravir,259793-96-9,492405.0,492405,259793-96-9,,,,,,,,,,
DB12483,Copanlisib,1032568-63-0,24989044.0,135565596,1032568-63-0,,,,,,,,,,
DB12499,Clascoterone,19608-29-8,11750009.0,11750009,19608-29-8,,,,,,,,,,
DB12500,Fedratinib,936091-26-8,16722836.0,16722836,936091-26-8,,,,,,,,,,
DB12532,Oxetacaine,126-27-2,4621.0,4621,126-27-2,,,,,,,,,,
DB12612,Ozanimod,1306760-87-1,52938427.0,52938427,1306760-87-1,,,,,,,,,,
DB12615,Plazomicin,1154757-24-0,42613186.0,42613186,1154757-24-0,,,,,,,,,,
DB12674,Lurbinectedin,497871-47-3,57327016.0,57327016,497871-47-3,,,,,,,,,,
DB12783,Benserazide,322-35-0,2327.0,2327,322-35-0,,,,,,,,,,
DB12808,Trifarotene,895542-09-3,11518241.0,11518241,895542-09-3,,,,,,,,,,
DB12825,Lefamulin,1061337-51-6,25185057.0,58076382,1061337-51-6,1061872-97-6,,,,,,,,,
DB12834,Secnidazole,3366-95-8,71815.0,71815,3366-95-8,,,,,,,,,,
DB12839,Pegvaliase,1585984-95-7,86278362.0,86278362,1585984-95-7,,,,,,,,,,
DB12865,Etelcalcetide,1262780-97-1,71511839.0,71511839,1262780-97-1,,,,,,,,,,
DB12887,Tazemetostat,1403254-99-8,66558664.0,66558664,1403254-99-8,,,,,,,,,,
DB12911,Nicoboxil,13912-80-6,14866.0,14866,13912-80-6,1322-29-8,,,,,,,,,
DB12924,Ozenoxacin,245765-41-7,9863827.0,9863827,245765-41-7,,,,,,,,,,
DB12942,Lactitol,585-86-4,157355.0,157355,585-86-4,81025-04-9,,,,,,,,,
DB12965,Silver,7440-22-4,23954.0,23954,7440-22-4,69011-54-7,,,,,,,,,
DB12978,Pexidartinib,1029044-16-3,25151352.0,25151352,1029044-16-3,,,,,,,,,,
DB13074,Macimorelin,381231-18-1,,9804938,381231-18-1,,,,,,,,,,
DB13125,Lusutrombopag,1110766-97-6,49843517.0,49843517,1110766-97-6,,,,,,,,,,
DB13139,Levosalbutamol,34391-04-3,123600.0,123600,34391-04-3,,,,,,,,,,
DB13142,Calcium glubionate anhydrous,97635-31-9,131704325.0,64776,97635-31-9,,,,,,,,,,
DB13145,Nedaplatin,95734-82-0,9548889.0,9548889,95734-82-0,,,,,,,,,,
DB13146,Fluciclovine (18F),222727-39-1,450601.0,450601,222727-39-1,,,,,,,,,,
DB13153,Levomenol,23089-26-1,442343.0,442343,23089-26-1,515-69-5,117147-90-7,,,,,,,,
DB13154,Parachlorophenol,106-48-9,4684.0,4684,106-48-9,,,,,,,,,,
DB13155,Esculin,531-75-9,5281417.0,5281417,531-75-9,,,,,,,,,,
DB13156,Inosine pranobex,36703-88-5,131704326.0,137229597,36703-88-5,,,,,,,,,,
DB13157,Sodium lauryl sulfoacetate,1847-58-1,23668827.0,23668827,1847-58-1,,,,,,,,,,
DB13158,Clobetasone,54063-32-0,71387.0,71387,54063-32-0,,,,,,,,,,
DB13163,Terpin hydrate,2451-01-6,17141.0,17141,2451-01-6,,,,,,,,,,
DB13167,Alclofenac,22131-79-9,30951.0,30951,22131-79-9,,,,,,,,,,
DB13170,Plecanatide,467426-54-6,70693500.0,70693500,467426-54-6,,,,,,,,,,
DB13178,Inositol,87-89-8,,892,551-72-4,643-12-9,6917-35-7,87-89-8,488-54-0,488-55-1,488-58-4,488-59-5,576-63-6,643-10-7,38876-99-2
DB13179,Troleandomycin,2751-09-9,202225.0,202225,2751-09-9,,,,,,,,,,
DB13180,Gluconic Acid,526-95-4,10690.0,10690,19222-41-4,526-95-4,133-42-6,,,,,,,,
DB13209,Bismuth subnitrate,1304-85-4,,73415757,1304-85-4,54392-33-5,,,,,,,,,
DB13231,Calcium lactate,814-80-2,13144.0,13144,814-80-2,5743-48-6,28305-25-1,,,,,,,,
DB13235,Perboric acid,14034-78-7,,114931,14034-78-7,,,,,,,,,,
DB13249,Magnesium silicate,1343-88-0,,72941442,1343-88-0,,,,,,,,,,
DB13257,Ferrous sulfate anhydrous,7720-78-7,62662.0,24393,7720-78-77782-63-0(heptahydrate),7720-78-7,16547-58-3,,,,,,,,
DB13268,Acetarsol,97-44-9,,1985,97-44-9,,,,,,,,,,
DB13269,Dichlorobenzyl alcohol,1777-82-8,,15684,1777-82-8,,,,,,,,,,
DB13306,Chlorquinaldol,72-80-0,,6301,72-80-0,,,,,,,,,,
DB13345,Dihydroergocristine,17479-19-5,,107715,17479-19-5,,,,,,,,,,
DB13346,Bufexamac,2438-72-4,2466.0,2466,2438-72-4,,,,,,,,,,
DB13421,Edoxudine,15176-29-1,66377.0,66377,15176-29-1,,,,,,,,,,
DB13444,Ioxitalamic acid,28179-44-4,,34536,28179-44-4,,,,,,,,,,
DB13501,Bendazac,20187-55-7,,2313,20187-55-7,,,,,,,,,,
DB13583,Mephenesin,59-47-2,,4059,59-47-2,,,,,,,,,,
DB13595,Almasilate,71205-22-6,131704329.0,131704329,71205-22-6,,,,,,,,,,
DB13615,Mifamurtide,838853-48-8,,123133557,838853-48-8,,,,,,,,,,
DB13620,Potassium gluconate,299-27-4,16760467.0,16760467,299-27-4,,,,,,,,,,
DB13707,Sodium tartrate,868-18-8,162637.0,162637,868-18-8,6106-24-7,51307-92-7,,,,,,,,
DB13747,Trolamine,102-71-6,7618.0,7618,102-71-6,9012-61-7,64114-46-1,,,,,,,,
DB13749,Magnesium gluconate,59625-89-7,71587201.0,71587201,59625-89-7,,,,,,,,,,
DB13751,Glycyrrhizic acid,1405-86-3,,14982,1405-86-3,69494-66-2,132215-36-2,,,,,,,,
DB13783,Acemetacin,53164-05-9,1981.0,1981,53164-05-9,,,,,,,,,,
DB13800,Calcium levulinate,591-64-0,,11578,591-64-0,,,,,,,,,,
DB13813,Iodoform,75-47-8,6374.0,6374,75-47-8,,,,,,,,,,
DB13853,Anethole trithione,532-11-6,2194.0,2194,532-11-6,,,,,,,,,,
DB13854,Gamolenic acid,506-26-3,,5280933,506-26-3,,,,,,,,,,
DB13867,Fluticasone,90566-53-3,,5311101,90566-53-3,,,,,,,,,,
DB13872,Lormetazepam,848-75-9,13314.0,13314,848-75-9,,,,,,,,,,
DB13873,Fenofibric acid,42017-89-0,64929.0,64929,42017-89-0,,,,,,,,,,
DB13874,Enasidenib,1446502-11-9,89683805.0,89683805,1446502-11-9,,,,,,,,,,
DB13878,Pibrentasvir,1353900-92-1,58031952.0,58031952,1353900-92-1,,,,,,,,,,
DB13879,Glecaprevir,1365970-03-1,66828839.0,66828839,1365970-03-1,,,,,,,,,,
DB13882,Methyl nicotinate,93-60-7,7151.0,7151,93-60-7,,,,,,,,,,
DB13908,Amylmetacresol,1300-94-3,,14759,1300-94-3,,,,,,,,,,
DB13909,Bismuth subgallate,99-26-3,,16682999,99-26-3,,,,,,,,,,
DB13925,Dotatate gallium Ga-68,1027785-90-5,,44400135,1027785-90-5,,,,,,,,,,
DB13928,Semaglutide,910463-68-2,,122189768,910463-68-2,,,,,,,,,,
DB13931,Netarsudil,1254032-66-0,,66599893,1254032-66-0,,,,,,,,,,
DB13943,Testosterone cypionate,58-20-8,,441404,58-20-8,,,,,,,,,,
DB13944,Testosterone enanthate,315-37-7,,9416,315-37-7,,,,,,,,,,
DB13946,Testosterone undecanoate,5949-44-0,,65157,5949-44-0,,,,,,,,,,
DB13949,Ferric cation,20074-52-6,,29936,20074-52-6,7439-89-6,,,,,,,,,
DB13952,Estradiol acetate,4245-41-4,9818306.0,9818306,4245-41-4,,,,,,,,,,
DB13953,Estradiol benzoate,50-50-0,222757.0,222757,50-50-0,,,,,,,,,,
DB13954,Estradiol cypionate,313-06-4,9403.0,9403,313-06-4,,,,,,,,,,
DB13955,Estradiol dienanthate,7732-97-0,,165688,7732-97-0,,,,,,,,,,
DB13956,Estradiol valerate,979-32-8,13791.0,13791,979-32-8,,,,,,,,,,
DB13960,Bronopol,52-51-7,,2450,52-51-7,,,,,,,,,,
DB13966,Isopropyl myristate,110-27-0,,8042,110-27-0,,,,,,,,,,
DB13967,Patent Blue,25305-77-5,,77074,3536-49-0,25305-77-5,,,,,,,,,
DB13985,Lutetium Lu 177 dotatate,437608-50-9,,76966897,437608-50-9,,,,,,,,,,
DB13987,Strontium chloride,10476-85-4,,5362485,10476-85-4,,,,,,,,,,
DB13995,Ferric pyrophosphate citrate,1802359-96-1,,145994608,1802359-96-1,,,,,,,,,,
DB13996,Magnesium acetate,142-72-3,,8896,142-72-3,,,,,,,,,,
DB13997,Baloxavir marboxil,1985606-14-1,,124081896,1985606-14-1,,,,,,,,,,
DB14001,alpha-Tocopherol succinate,4345-03-3,,20353,4345-03-3,17407-37-3,,,,,,,,,
DB14002,D-alpha-Tocopherol acetate,58-95-7,,86472,58-95-7,52225-20-4,7695-91-2,,,,,,,,
DB14006,Choline salicylate,2016-36-6,,54686350,2016-36-6,,,,,,,,,,
DB14007,Pentetic acid,67-43-6,,3053,67-43-6,,,,,,,,,,
DB14018,Bromotheophylline,10381-75-6,,11808,10381-75-6,,,,,,,,,,
DB14019,Fosnetupitant,1703748-89-3,,71544786,1703748-89-3,,,,,,,,,,
DB14020,Benzoin,119-53-9,,8400,119-53-9,8050-35-9,9000-05-9,579-44-2,,,,,,,
DB14033,Acetyl sulfisoxazole,80-74-0,6662.0,6662,80-74-0,,,,,,,,,,
DB14048,Sodium zirconium cyclosilicate,17141-74-1,,134694335,17141-74-1,,,,,,,,,,
DB14096,"1,2-icosapentoyl-sn-glycero-3-phosphoserine",,,76967405,,,,,,,,,,,
DB14185,Aripiprazole lauroxil,1259305-29-7,,49831411,1259305-29-7,,,,,,,,,,
DB14481,Calcium phosphate dihydrate,7789-77-7,,104805,7789-77-7,14567-92-1,,,,,,,,,
DB14482,Sodium ascorbate,134-03-2,,23667548,134-03-2,,,,,,,,,,
DB14483,Calcium ascorbate,5743-27-1,,54740489,5743-27-1,,,,,,,,,,
DB14484,Magnesium ascorbate,15431-40-0,,54682511,15431-40-0,,,,,,,,,,
DB14485,Zinc ascorbate,331242-75-2,,91667835,331242-75-2,151728-40-4,,,,,,,,,
DB14486,Niacinamide ascorbate,1987-71-9,,54710212,1987-71-9,,,,,,,,,,
DB14487,Zinc acetate,557-34-6,,11192,557-34-65970-45-6,557-34-6,,,,,,,,,
DB14488,Ferrous gluconate,299-29-6,9291.0,23616740,299-29-6,6047-12-7,,,,,,,,,
DB14489,Ferrous succinate,10030-90-7,159252.0,10464762,10030-90-7,,,,,,,,,,
DB14490,Ferrous ascorbate,24808-52-4,54710214.0,101033550,24808-52-4,,,,,,,,,,
DB14491,Ferrous fumarate,141-01-5,6433164.0,6433164,141-01-5,7705-12-6,14451-00-4,,,,,,,,
DB14498,Potassium acetate,127-08-2,,517044,127-08-2,,,,,,,,,,
DB14499,Potassium sulfate,7778-80-5,,24507,7778-80-5,10233-01-9,,,,,,,,,
DB14500,Potassium,7440-09-7,,5462222,7440-09-7,,,,,,,,,,
DB14501,Ferrous glycine sulfate,14729-84-1,167159.0,127024065,14729-84-1,,,,,,,,,,
DB14502,"Sodium phosphate, dibasic",7558-79-4,,24203,7558-79-4,,,,,,,,,,
DB14505,Sodium borate,1330-43-4,,10219853,1330-43-4,12267-73-1,,,,,,,,,
DB14507,Lithium citrate,919-16-4,,13520,919-16-4,6080-58-6,10377-38-5,,,,,,,,
DB14509,Lithium carbonate,554-13-2,,11125,554-13-2,,,,,,,,,,
DB14512,Mometasone furoate,83919-23-7,,441336,83919-23-7,,,,,,,,,,
DB14513,Magnesium,7439-95-4,,5462224,7439-95-4,,,,,,,,,,
DB14517,Aluminium phosphate,7784-30-7,,64655,7784-30-7,,,,,,,,,,
DB14518,Aluminum acetate,139-12-8,,8757,139-12-8,,,,,,,,,,
DB14520,Tetraferric tricitrate decahydrate,,,90478690,,,,,,,,,,,
DB14527,Chromic nitrate,13548-38-4,,24598,13548-38-4,,,,,,,,,,
DB14528,Chromium gluconate,33661-40-4,,71587119,33661-40-4,,,,,,,,,,
DB14529,Chromium nicotinate,64452-96-6,,9909912,64452-96-6,,,,,,,,,,
DB14530,Chromous sulfate,13825-86-0,,61686,13825-86-0,,,,,,,,,,
DB14533,Zinc chloride,7646-85-7,,3007855,7646-85-7,,,,,,,,,,
DB14539,Hydrocortisone acetate,50-03-3,5744.0,5744,50-03-3,53187-58-9,123902-40-9,,,,,,,,
DB14540,Hydrocortisone butyrate,13609-67-1,,26133,13609-67-1,,,,,,,,,,
DB14541,Hydrocortisone cypionate,508-99-6,,223253,508-99-6,,,,,,,,,,
DB14542,Hydrocortisone phosphate,3863-59-0,,441407,3863-59-0,6000-74-4,,,,,,,,,
DB14543,Hydrocortisone probutate,72590-77-3,636398.0,636398,72590-77-3,,,,,,,,,,
DB14544,Hydrocortisone valerate,57524-89-7,5282494.0,5282494,57524-89-7,,,,,,,,,,
DB14550,Gallium chloride Ga-67,,,73415785,,,,,,,,,,,
DB14568,Ivosidenib,1448347-49-6,,71657455,1448347-49-6,,,,,,,,,,
DB14583,Segesterone acetate,7759-35-5,,108059,7759-35-5,,,,,,,,,,
DB14598,Edetate calcium disodium anhydrous,62-33-9,6109.0,6093170,62-33-9,6766-87-6,23411-34-9,,,,,,,,
DB14600,Edetate disodium anhydrous,139-33-3,8759.0,8759,139-33-3,6381-92-6,,,,,,,,,
DB14631,Prednisolone phosphate,302-25-0,,72078,302-25-0,,,,,,,,,,
DB14669,Betamethasone phosphate,360-63-4,,107782,360-63-4,,,,,,,,,,
DB14723,Larotrectinib,1223403-58-4,,46188928,1223403-58-4,,,,,,,,,,
DB00781,Polymyxin B,1404-26-8,,49800004,1404-26-8,,,,,,,,,,
DB14754,Solriamfetol,178429-62-4,,10130337,178429-62-4,,,,,,,,,,
DB14761,Remdesivir,1809249-37-3,,121304016,1809249-37-3,,,,,,,,,,
DB14783,Diroximel fumarate,1577222-14-0,,73330464,1577222-14-0,,,,,,,,,,
DB14840,Ripretinib,1442472-39-0,,71584930,1442472-39-0,,,,,,,,,,
DB14845,Filgotinib,1206161-97-8,,49831257,1206161-97-8,,,,,,,,,,
DB14879,Cefiderocol,1225208-94-5,,77843966,1225208-94-5,,,,,,,,,,
DB14881,Oliceridine,1401028-24-7,,66553195,1401028-24-7,,,,,,,,,,
DB14895,Vibegron,1190389-15-1,,44472635,1190389-15-1,,,,,,,,,,
DB14914,Flortaucipir F-18,1522051-90-6,,70957463,1522051-90-6,,,,,,,,,,
DB14975,Voxelotor,1446321-46-5,,71602803,1446321-46-5,,,,,,,,,,
DB15035,Zanubrutinib,1691249-45-2,,135565884,1691249-45-2,,,,,,,,,,
DB15091,Upadacitinib,1310726-60-3,,58557659,1310726-60-3,,,,,,,,,,
DB15102,Pemigatinib,1513857-77-6,,86705695,1513857-77-6,,,,,,,,,,
DB15233,Avapritinib,1703793-34-3,,118023034,1703793-34-3,,,,,,,,,,
DB15305,Risdiplam,1825352-65-5,,118513932,1825352-65-5,,,,,,,,,,
DB15328,Ubrogepant,1374248-77-7,,68748835,1374248-77-7,,,,,,,,,,
DB15444,Elexacaftor,2216712-66-0,,134587348,2216712-66-0,,,,,,,,,,
DB15465,Benzhydrocodone,1259440-61-3,,76314940,1259440-61-3,,,,,,,,,,
DB15494,Edotreotide gallium Ga-68,2101630-92-4,,145994621,2101630-92-4,,,,,,,,,,
DB15566,Prednisolone acetate,52-21-1,5834.0,5834,52-21-1,,,,,,,,,,
DB15594,Brilliant blue G,6104-58-1,,6324599,6104-58-1,,,,,,,,,,
DB15598,Ferric maltol,33725-54-1,,169535,33725-54-1,,,,,,,,,,
DB15617,Ferric derisomaltose,1345510-43-1,,86278348,1345510-43-1,,,,,,,,,,
DB15685,Selpercatinib,2152628-33-4,,,2152628-33-4,,,,,,,,,,
DB15690,Fluoroestradiol F-18,94153-53-4,,,94153-53-4,,,,,,,,,,
DB15694,Cedazuridine,1141397-80-9,,,1141397-80-9,,,,,,,,,,
DB15822,Pralsetinib,2097132-94-8,,,2097132-94-8,,,,,,,,,,
DB15873,Copper oxodotreotide Cu-64,1426155-87-4,,,1426155-87-4,,,,,,,,,,
DB15982,Berotralstat,1809010-50-1,,,1809010-50-1,,,,,,,,,,
DB16019,Gallium Ga-68 gozetotide,1906894-20-9,,,1906894-20-9,,,,,,,,,,
